family,n,k,heuristic,solved,transitions
AT,1,1,Ready,1,8
AT,1,1,Random,1,9
AT,1,1,BFS,1,8
AT,1,2,Ready,1,9
AT,1,2,Random,1,11
AT,1,2,BFS,1,10
AT,1,3,Ready,1,8
AT,1,3,Random,1,9
AT,1,3,BFS,1,12
AT,1,4,Ready,1,8
AT,1,4,Random,1,11
AT,1,4,BFS,1,14
AT,1,5,Ready,1,8
AT,1,5,Random,1,14
AT,1,5,BFS,1,16
AT,1,6,Ready,1,8
AT,1,6,Random,1,16
AT,1,6,BFS,1,18
AT,1,7,Ready,1,8
AT,1,7,Random,1,18
AT,1,7,BFS,1,20
AT,1,8,Ready,1,8
AT,1,8,Random,1,10
AT,1,8,BFS,1,22
AT,1,9,Ready,1,8
AT,1,9,Random,1,24
AT,1,9,BFS,1,24
AT,1,10,Ready,1,8
AT,1,10,Random,1,18
AT,1,10,BFS,1,26
AT,1,11,Ready,1,8
AT,1,11,Random,1,15
AT,1,11,BFS,1,28
AT,1,12,Ready,1,8
AT,1,12,Random,1,25
AT,1,12,BFS,1,30
AT,1,13,Ready,1,8
AT,1,13,Random,1,25
AT,1,13,BFS,1,32
AT,1,14,Ready,1,8
AT,1,14,Random,1,33
AT,1,14,BFS,1,34
AT,1,15,Ready,1,8
AT,1,15,Random,1,35
AT,1,15,BFS,1,36
AT,2,1,Ready,1,26
AT,2,1,Random,1,31
AT,2,1,BFS,1,38
AT,2,2,Ready,1,33
AT,2,2,Random,1,74
AT,2,2,BFS,1,70
AT,2,3,Ready,1,33
AT,2,3,Random,1,109
AT,2,3,BFS,1,103
AT,2,4,Ready,1,33
AT,2,4,Random,1,128
AT,2,4,BFS,1,145
AT,2,5,Ready,1,33
AT,2,5,Random,1,188
AT,2,5,BFS,1,194
AT,2,6,Ready,1,33
AT,2,6,Random,1,215
AT,2,6,BFS,1,252
AT,2,7,Ready,1,33
AT,2,7,Random,1,179
AT,2,7,BFS,1,320
AT,2,8,Ready,1,33
AT,2,8,Random,1,355
AT,2,8,BFS,1,392
AT,2,9,Ready,1,33
AT,2,9,Random,1,293
AT,2,9,BFS,1,474
AT,2,10,Ready,1,33
AT,2,10,Random,1,403
AT,2,10,BFS,1,565
AT,2,11,Ready,1,33
AT,2,11,Random,1,701
AT,2,11,BFS,1,662
AT,2,12,Ready,1,33
AT,2,12,Random,1,624
AT,2,12,BFS,1,768
AT,2,13,Ready,1,33
AT,2,13,Random,1,857
AT,2,13,BFS,1,875
AT,2,14,Ready,1,33
AT,2,14,Random,1,749
AT,2,14,BFS,1,1004
AT,2,15,Ready,1,33
AT,2,15,Random,1,1035
AT,2,15,BFS,1,1135
AT,3,1,Ready,1,74
AT,3,1,Random,1,37
AT,3,1,BFS,1,96
AT,3,2,Ready,1,192
AT,3,2,Random,1,343
AT,3,2,BFS,1,386
AT,3,3,Ready,1,142
AT,3,3,Random,1,886
AT,3,3,BFS,1,764
AT,3,4,Ready,1,142
AT,3,4,Random,1,1535
AT,3,4,BFS,1,1283
AT,3,5,Ready,1,142
AT,3,5,Random,1,2439
AT,3,5,BFS,1,2057
AT,3,6,Ready,1,142
AT,3,6,Random,0,-1
AT,3,6,BFS,0,-1
AT,3,7,Ready,1,142
AT,3,7,Random,0,-1
AT,3,7,BFS,0,-1
AT,3,8,Ready,1,142
AT,3,8,Random,0,-1
AT,3,8,BFS,0,-1
AT,3,9,Ready,1,142
AT,3,9,Random,0,-1
AT,3,9,BFS,0,-1
AT,3,10,Ready,1,142
AT,3,10,Random,0,-1
AT,3,10,BFS,0,-1
AT,3,11,Ready,1,142
AT,3,11,Random,0,-1
AT,3,11,BFS,0,-1
AT,3,12,Ready,1,142
AT,3,12,Random,0,-1
AT,3,12,BFS,0,-1
AT,3,13,Ready,1,142
AT,3,13,Random,0,-1
AT,3,13,BFS,0,-1
AT,3,14,Ready,1,142
AT,3,14,Random,0,-1
AT,3,14,BFS,0,-1
AT,3,15,Ready,1,142
AT,3,15,Random,0,-1
AT,3,15,BFS,0,-1
AT,4,1,Ready,1,210
AT,4,1,Random,1,10
AT,4,1,BFS,1,242
AT,4,2,Ready,1,703
AT,4,2,Random,1,779
AT,4,2,BFS,1,1503
AT,4,3,Ready,1,1885
AT,4,3,Random,0,-1
AT,4,3,BFS,0,-1
AT,4,4,Ready,1,729
AT,4,4,Random,0,-1
AT,4,4,BFS,0,-1
AT,4,5,Ready,1,729
AT,4,5,Random,0,-1
AT,4,5,BFS,0,-1
AT,4,6,Ready,1,729
AT,4,6,Random,0,-1
AT,4,6,BFS,0,-1
AT,4,7,Ready,1,729
AT,4,7,Random,0,-1
AT,4,7,BFS,0,-1
AT,4,8,Ready,1,729
AT,4,8,Random,0,-1
AT,4,8,BFS,0,-1
AT,4,9,Ready,1,729
AT,4,9,Random,0,-1
AT,4,9,BFS,0,-1
AT,4,10,Ready,1,729
AT,4,10,Random,0,-1
AT,4,10,BFS,0,-1
AT,4,11,Ready,1,729
AT,4,11,Random,0,-1
AT,4,11,BFS,0,-1
AT,4,12,Ready,1,729
AT,4,12,Random,0,-1
AT,4,12,BFS,0,-1
AT,4,13,Ready,1,729
AT,4,13,Random,0,-1
AT,4,13,BFS,0,-1
AT,4,14,Ready,1,729
AT,4,14,Random,0,-1
AT,4,14,BFS,0,-1
AT,4,15,Ready,1,729
AT,4,15,Random,0,-1
AT,4,15,BFS,0,-1
AT,5,1,Ready,1,582
AT,5,1,Random,1,7
AT,5,1,BFS,1,606
AT,5,2,Ready,1,2332
AT,5,2,Random,0,-1
AT,5,2,BFS,0,-1
AT,5,3,Ready,0,-1
AT,5,3,Random,0,-1
AT,5,3,BFS,0,-1
AT,5,4,Ready,0,-1
AT,5,4,Random,0,-1
AT,5,4,BFS,0,-1
AT,5,5,Ready,0,-1
AT,5,5,Random,0,-1
AT,5,5,BFS,0,-1
AT,5,6,Ready,0,-1
AT,5,6,Random,0,-1
AT,5,6,BFS,0,-1
AT,5,7,Ready,0,-1
AT,5,7,Random,0,-1
AT,5,7,BFS,0,-1
AT,5,8,Ready,0,-1
AT,5,8,Random,0,-1
AT,5,8,BFS,0,-1
AT,5,9,Ready,0,-1
AT,5,9,Random,0,-1
AT,5,9,BFS,0,-1
AT,5,10,Ready,0,-1
AT,5,10,Random,0,-1
AT,5,10,BFS,0,-1
AT,5,11,Ready,0,-1
AT,5,11,Random,0,-1
AT,5,11,BFS,0,-1
AT,5,12,Ready,0,-1
AT,5,12,Random,0,-1
AT,5,12,BFS,0,-1
AT,5,13,Ready,0,-1
AT,5,13,Random,0,-1
AT,5,13,BFS,0,-1
AT,5,14,Ready,0,-1
AT,5,14,Random,0,-1
AT,5,14,BFS,0,-1
AT,5,15,Ready,0,-1
AT,5,15,Random,0,-1
AT,5,15,BFS,0,-1
AT,6,1,Ready,1,1562
AT,6,1,Random,1,31
AT,6,1,BFS,1,1206
AT,6,2,Ready,0,-1
AT,6,2,Random,0,-1
AT,6,2,BFS,0,-1
AT,6,3,Ready,0,-1
AT,6,3,Random,0,-1
AT,6,3,BFS,0,-1
AT,6,4,Ready,0,-1
AT,6,4,Random,0,-1
AT,6,4,BFS,0,-1
AT,6,5,Ready,0,-1
AT,6,5,Random,0,-1
AT,6,5,BFS,0,-1
AT,6,6,Ready,0,-1
AT,6,6,Random,0,-1
AT,6,6,BFS,0,-1
AT,6,7,Ready,0,-1
AT,6,7,Random,0,-1
AT,6,7,BFS,0,-1
AT,6,8,Ready,0,-1
AT,6,8,Random,0,-1
AT,6,8,BFS,0,-1
AT,6,9,Ready,0,-1
AT,6,9,Random,0,-1
AT,6,9,BFS,0,-1
AT,6,10,Ready,0,-1
AT,6,10,Random,0,-1
AT,6,10,BFS,0,-1
AT,6,11,Ready,0,-1
AT,6,11,Random,0,-1
AT,6,11,BFS,0,-1
AT,6,12,Ready,0,-1
AT,6,12,Random,0,-1
AT,6,12,BFS,0,-1
AT,6,13,Ready,0,-1
AT,6,13,Random,0,-1
AT,6,13,BFS,0,-1
AT,6,14,Ready,0,-1
AT,6,14,Random,0,-1
AT,6,14,BFS,0,-1
AT,6,15,Ready,0,-1
AT,6,15,Random,0,-1
AT,6,15,BFS,0,-1
AT,7,1,Ready,0,-1
AT,7,1,Random,1,19
AT,7,1,BFS,1,1429
AT,7,2,Ready,0,-1
AT,7,2,Random,0,-1
AT,7,2,BFS,0,-1
AT,7,3,Ready,0,-1
AT,7,3,Random,0,-1
AT,7,3,BFS,0,-1
AT,7,4,Ready,0,-1
AT,7,4,Random,0,-1
AT,7,4,BFS,0,-1
AT,7,5,Ready,0,-1
AT,7,5,Random,0,-1
AT,7,5,BFS,0,-1
AT,7,6,Ready,0,-1
AT,7,6,Random,0,-1
AT,7,6,BFS,0,-1
AT,7,7,Ready,0,-1
AT,7,7,Random,0,-1
AT,7,7,BFS,0,-1
AT,7,8,Ready,0,-1
AT,7,8,Random,0,-1
AT,7,8,BFS,0,-1
AT,7,9,Ready,0,-1
AT,7,9,Random,0,-1
AT,7,9,BFS,0,-1
AT,7,10,Ready,0,-1
AT,7,10,Random,0,-1
AT,7,10,BFS,0,-1
AT,7,11,Ready,0,-1
AT,7,11,Random,0,-1
AT,7,11,BFS,0,-1
AT,7,12,Ready,0,-1
AT,7,12,Random,0,-1
AT,7,12,BFS,0,-1
AT,7,13,Ready,0,-1
AT,7,13,Random,0,-1
AT,7,13,BFS,0,-1
AT,7,14,Ready,0,-1
AT,7,14,Random,0,-1
AT,7,14,BFS,0,-1
AT,7,15,Ready,0,-1
AT,7,15,Random,0,-1
AT,7,15,BFS,0,-1
AT,8,1,Ready,0,-1
AT,8,1,Random,1,50
AT,8,1,BFS,1,2386
AT,8,2,Ready,0,-1
AT,8,2,Random,1,1861
AT,8,2,BFS,0,-1
AT,8,3,Ready,0,-1
AT,8,3,Random,0,-1
AT,8,3,BFS,0,-1
AT,8,4,Ready,0,-1
AT,8,4,Random,0,-1
AT,8,4,BFS,0,-1
AT,8,5,Ready,0,-1
AT,8,5,Random,0,-1
AT,8,5,BFS,0,-1
AT,8,6,Ready,0,-1
AT,8,6,Random,0,-1
AT,8,6,BFS,0,-1
AT,8,7,Ready,0,-1
AT,8,7,Random,0,-1
AT,8,7,BFS,0,-1
AT,8,8,Ready,0,-1
AT,8,8,Random,0,-1
AT,8,8,BFS,0,-1
AT,8,9,Ready,0,-1
AT,8,9,Random,0,-1
AT,8,9,BFS,0,-1
AT,8,10,Ready,0,-1
AT,8,10,Random,0,-1
AT,8,10,BFS,0,-1
AT,8,11,Ready,0,-1
AT,8,11,Random,0,-1
AT,8,11,BFS,0,-1
AT,8,12,Ready,0,-1
AT,8,12,Random,0,-1
AT,8,12,BFS,0,-1
AT,8,13,Ready,0,-1
AT,8,13,Random,0,-1
AT,8,13,BFS,0,-1
AT,8,14,Ready,0,-1
AT,8,14,Random,0,-1
AT,8,14,BFS,0,-1
AT,8,15,Ready,0,-1
AT,8,15,Random,0,-1
AT,8,15,BFS,0,-1
AT,9,1,Ready,0,-1
AT,9,1,Random,1,71
AT,9,1,BFS,0,-1
AT,9,2,Ready,0,-1
AT,9,2,Random,0,-1
AT,9,2,BFS,0,-1
AT,9,3,Ready,0,-1
AT,9,3,Random,0,-1
AT,9,3,BFS,0,-1
AT,9,4,Ready,0,-1
AT,9,4,Random,0,-1
AT,9,4,BFS,0,-1
AT,9,5,Ready,0,-1
AT,9,5,Random,0,-1
AT,9,5,BFS,0,-1
AT,9,6,Ready,0,-1
AT,9,6,Random,0,-1
AT,9,6,BFS,0,-1
AT,9,7,Ready,0,-1
AT,9,7,Random,0,-1
AT,9,7,BFS,0,-1
AT,9,8,Ready,0,-1
AT,9,8,Random,0,-1
AT,9,8,BFS,0,-1
AT,9,9,Ready,0,-1
AT,9,9,Random,0,-1
AT,9,9,BFS,0,-1
AT,9,10,Ready,0,-1
AT,9,10,Random,0,-1
AT,9,10,BFS,0,-1
AT,9,11,Ready,0,-1
AT,9,11,Random,0,-1
AT,9,11,BFS,0,-1
AT,9,12,Ready,0,-1
AT,9,12,Random,0,-1
AT,9,12,BFS,0,-1
AT,9,13,Ready,0,-1
AT,9,13,Random,0,-1
AT,9,13,BFS,0,-1
AT,9,14,Ready,0,-1
AT,9,14,Random,0,-1
AT,9,14,BFS,0,-1
AT,9,15,Ready,0,-1
AT,9,15,Random,0,-1
AT,9,15,BFS,0,-1
AT,10,1,Ready,0,-1
AT,10,1,Random,1,13
AT,10,1,BFS,0,-1
AT,10,2,Ready,0,-1
AT,10,2,Random,0,-1
AT,10,2,BFS,0,-1
AT,10,3,Ready,0,-1
AT,10,3,Random,0,-1
AT,10,3,BFS,0,-1
AT,10,4,Ready,0,-1
AT,10,4,Random,0,-1
AT,10,4,BFS,0,-1
AT,10,5,Ready,0,-1
AT,10,5,Random,0,-1
AT,10,5,BFS,0,-1
AT,10,6,Ready,0,-1
AT,10,6,Random,0,-1
AT,10,6,BFS,0,-1
AT,10,7,Ready,0,-1
AT,10,7,Random,0,-1
AT,10,7,BFS,0,-1
AT,10,8,Ready,0,-1
AT,10,8,Random,0,-1
AT,10,8,BFS,0,-1
AT,10,9,Ready,0,-1
AT,10,9,Random,0,-1
AT,10,9,BFS,0,-1
AT,10,10,Ready,0,-1
AT,10,10,Random,0,-1
AT,10,10,BFS,0,-1
AT,10,11,Ready,0,-1
AT,10,11,Random,0,-1
AT,10,11,BFS,0,-1
AT,10,12,Ready,0,-1
AT,10,12,Random,0,-1
AT,10,12,BFS,0,-1
AT,10,13,Ready,0,-1
AT,10,13,Random,0,-1
AT,10,13,BFS,0,-1
AT,10,14,Ready,0,-1
AT,10,14,Random,0,-1
AT,10,14,BFS,0,-1
AT,10,15,Ready,0,-1
AT,10,15,Random,0,-1
AT,10,15,BFS,0,-1
AT,11,1,Ready,0,-1
AT,11,1,Random,1,27
AT,11,1,BFS,0,-1
AT,11,2,Ready,0,-1
AT,11,2,Random,0,-1
AT,11,2,BFS,0,-1
AT,11,3,Ready,0,-1
AT,11,3,Random,0,-1
AT,11,3,BFS,0,-1
AT,11,4,Ready,0,-1
AT,11,4,Random,0,-1
AT,11,4,BFS,0,-1
AT,11,5,Ready,0,-1
AT,11,5,Random,0,-1
AT,11,5,BFS,0,-1
AT,11,6,Ready,0,-1
AT,11,6,Random,0,-1
AT,11,6,BFS,0,-1
AT,11,7,Ready,0,-1
AT,11,7,Random,0,-1
AT,11,7,BFS,0,-1
AT,11,8,Ready,0,-1
AT,11,8,Random,0,-1
AT,11,8,BFS,0,-1
AT,11,9,Ready,0,-1
AT,11,9,Random,0,-1
AT,11,9,BFS,0,-1
AT,11,10,Ready,0,-1
AT,11,10,Random,0,-1
AT,11,10,BFS,0,-1
AT,11,11,Ready,0,-1
AT,11,11,Random,0,-1
AT,11,11,BFS,0,-1
AT,11,12,Ready,0,-1
AT,11,12,Random,0,-1
AT,11,12,BFS,0,-1
AT,11,13,Ready,0,-1
AT,11,13,Random,0,-1
AT,11,13,BFS,0,-1
AT,11,14,Ready,0,-1
AT,11,14,Random,0,-1
AT,11,14,BFS,0,-1
AT,11,15,Ready,0,-1
AT,11,15,Random,0,-1
AT,11,15,BFS,0,-1
AT,12,1,Ready,0,-1
AT,12,1,Random,1,39
AT,12,1,BFS,0,-1
AT,12,2,Ready,0,-1
AT,12,2,Random,0,-1
AT,12,2,BFS,0,-1
AT,12,3,Ready,0,-1
AT,12,3,Random,0,-1
AT,12,3,BFS,0,-1
AT,12,4,Ready,0,-1
AT,12,4,Random,0,-1
AT,12,4,BFS,0,-1
AT,12,5,Ready,0,-1
AT,12,5,Random,0,-1
AT,12,5,BFS,0,-1
AT,12,6,Ready,0,-1
AT,12,6,Random,0,-1
AT,12,6,BFS,0,-1
AT,12,7,Ready,0,-1
AT,12,7,Random,0,-1
AT,12,7,BFS,0,-1
AT,12,8,Ready,0,-1
AT,12,8,Random,0,-1
AT,12,8,BFS,0,-1
AT,12,9,Ready,0,-1
AT,12,9,Random,0,-1
AT,12,9,BFS,0,-1
AT,12,10,Ready,0,-1
AT,12,10,Random,0,-1
AT,12,10,BFS,0,-1
AT,12,11,Ready,0,-1
AT,12,11,Random,0,-1
AT,12,11,BFS,0,-1
AT,12,12,Ready,0,-1
AT,12,12,Random,0,-1
AT,12,12,BFS,0,-1
AT,12,13,Ready,0,-1
AT,12,13,Random,0,-1
AT,12,13,BFS,0,-1
AT,12,14,Ready,0,-1
AT,12,14,Random,0,-1
AT,12,14,BFS,0,-1
AT,12,15,Ready,0,-1
AT,12,15,Random,0,-1
AT,12,15,BFS,0,-1
AT,13,1,Ready,0,-1
AT,13,1,Random,1,27
AT,13,1,BFS,0,-1
AT,13,2,Ready,0,-1
AT,13,2,Random,0,-1
AT,13,2,BFS,0,-1
AT,13,3,Ready,0,-1
AT,13,3,Random,0,-1
AT,13,3,BFS,0,-1
AT,13,4,Ready,0,-1
AT,13,4,Random,0,-1
AT,13,4,BFS,0,-1
AT,13,5,Ready,0,-1
AT,13,5,Random,0,-1
AT,13,5,BFS,0,-1
AT,13,6,Ready,0,-1
AT,13,6,Random,0,-1
AT,13,6,BFS,0,-1
AT,13,7,Ready,0,-1
AT,13,7,Random,0,-1
AT,13,7,BFS,0,-1
AT,13,8,Ready,0,-1
AT,13,8,Random,0,-1
AT,13,8,BFS,0,-1
AT,13,9,Ready,0,-1
AT,13,9,Random,0,-1
AT,13,9,BFS,0,-1
AT,13,10,Ready,0,-1
AT,13,10,Random,0,-1
AT,13,10,BFS,0,-1
AT,13,11,Ready,0,-1
AT,13,11,Random,0,-1
AT,13,11,BFS,0,-1
AT,13,12,Ready,0,-1
AT,13,12,Random,0,-1
AT,13,12,BFS,0,-1
AT,13,13,Ready,0,-1
AT,13,13,Random,0,-1
AT,13,13,BFS,0,-1
AT,13,14,Ready,0,-1
AT,13,14,Random,0,-1
AT,13,14,BFS,0,-1
AT,13,15,Ready,0,-1
AT,13,15,Random,0,-1
AT,13,15,BFS,0,-1
AT,14,1,Ready,0,-1
AT,14,1,Random,1,25
AT,14,1,BFS,0,-1
AT,14,2,Ready,0,-1
AT,14,2,Random,0,-1
AT,14,2,BFS,0,-1
AT,14,3,Ready,0,-1
AT,14,3,Random,0,-1
AT,14,3,BFS,0,-1
AT,14,4,Ready,0,-1
AT,14,4,Random,0,-1
AT,14,4,BFS,0,-1
AT,14,5,Ready,0,-1
AT,14,5,Random,0,-1
AT,14,5,BFS,0,-1
AT,14,6,Ready,0,-1
AT,14,6,Random,0,-1
AT,14,6,BFS,0,-1
AT,14,7,Ready,0,-1
AT,14,7,Random,0,-1
AT,14,7,BFS,0,-1
AT,14,8,Ready,0,-1
AT,14,8,Random,0,-1
AT,14,8,BFS,0,-1
AT,14,9,Ready,0,-1
AT,14,9,Random,0,-1
AT,14,9,BFS,0,-1
AT,14,10,Ready,0,-1
AT,14,10,Random,0,-1
AT,14,10,BFS,0,-1
AT,14,11,Ready,0,-1
AT,14,11,Random,0,-1
AT,14,11,BFS,0,-1
AT,14,12,Ready,0,-1
AT,14,12,Random,0,-1
AT,14,12,BFS,0,-1
AT,14,13,Ready,0,-1
AT,14,13,Random,0,-1
AT,14,13,BFS,0,-1
AT,14,14,Ready,0,-1
AT,14,14,Random,0,-1
AT,14,14,BFS,0,-1
AT,14,15,Ready,0,-1
AT,14,15,Random,0,-1
AT,14,15,BFS,0,-1
AT,15,1,Ready,0,-1
AT,15,1,Random,1,8
AT,15,1,BFS,0,-1
AT,15,2,Ready,0,-1
AT,15,2,Random,0,-1
AT,15,2,BFS,0,-1
AT,15,3,Ready,0,-1
AT,15,3,Random,0,-1
AT,15,3,BFS,0,-1
AT,15,4,Ready,0,-1
AT,15,4,Random,0,-1
AT,15,4,BFS,0,-1
AT,15,5,Ready,0,-1
AT,15,5,Random,0,-1
AT,15,5,BFS,0,-1
AT,15,6,Ready,0,-1
AT,15,6,Random,0,-1
AT,15,6,BFS,0,-1
AT,15,7,Ready,0,-1
AT,15,7,Random,0,-1
AT,15,7,BFS,0,-1
AT,15,8,Ready,0,-1
AT,15,8,Random,0,-1
AT,15,8,BFS,0,-1
AT,15,9,Ready,0,-1
AT,15,9,Random,0,-1
AT,15,9,BFS,0,-1
AT,15,10,Ready,0,-1
AT,15,10,Random,0,-1
AT,15,10,BFS,0,-1
AT,15,11,Ready,0,-1
AT,15,11,Random,0,-1
AT,15,11,BFS,0,-1
AT,15,12,Ready,0,-1
AT,15,12,Random,0,-1
AT,15,12,BFS,0,-1
AT,15,13,Ready,0,-1
AT,15,13,Random,0,-1
AT,15,13,BFS,0,-1
AT,15,14,Ready,0,-1
AT,15,14,Random,0,-1
AT,15,14,BFS,0,-1
AT,15,15,Ready,0,-1
AT,15,15,Random,0,-1
AT,15,15,BFS,0,-1
TA,1,1,Ready,1,21
TA,1,1,Random,1,37
TA,1,1,BFS,1,35
TA,1,2,Ready,1,24
TA,1,2,Random,1,44
TA,1,2,BFS,1,38
TA,1,3,Ready,1,27
TA,1,3,Random,1,46
TA,1,3,BFS,1,41
TA,1,4,Ready,1,30
TA,1,4,Random,1,46
TA,1,4,BFS,1,44
TA,1,5,Ready,1,33
TA,1,5,Random,1,48
TA,1,5,BFS,1,47
TA,1,6,Ready,1,36
TA,1,6,Random,1,49
TA,1,6,BFS,1,50
TA,1,7,Ready,1,39
TA,1,7,Random,1,53
TA,1,7,BFS,1,53
TA,1,8,Ready,1,42
TA,1,8,Random,1,59
TA,1,8,BFS,1,56
TA,1,9,Ready,1,45
TA,1,9,Random,1,59
TA,1,9,BFS,1,59
TA,1,10,Ready,1,48
TA,1,10,Random,1,61
TA,1,10,BFS,1,62
TA,1,11,Ready,1,51
TA,1,11,Random,1,74
TA,1,11,BFS,1,65
TA,1,12,Ready,1,54
TA,1,12,Random,1,67
TA,1,12,BFS,1,68
TA,1,13,Ready,1,57
TA,1,13,Random,1,71
TA,1,13,BFS,1,71
TA,1,14,Ready,1,60
TA,1,14,Random,1,80
TA,1,14,BFS,1,74
TA,1,15,Ready,1,63
TA,1,15,Random,1,77
TA,1,15,BFS,1,77
TA,2,1,Ready,1,108
TA,2,1,Random,1,292
TA,2,1,BFS,1,316
TA,2,2,Ready,1,117
TA,2,2,Random,1,326
TA,2,2,BFS,1,360
TA,2,3,Ready,1,126
TA,2,3,Random,1,401
TA,2,3,BFS,1,406
TA,2,4,Ready,1,135
TA,2,4,Random,1,419
TA,2,4,BFS,1,450
TA,2,5,Ready,1,144
TA,2,5,Random,1,493
TA,2,5,BFS,1,494
TA,2,6,Ready,1,153
TA,2,6,Random,1,537
TA,2,6,BFS,1,538
TA,2,7,Ready,1,162
TA,2,7,Random,1,581
TA,2,7,BFS,1,580
TA,2,8,Ready,1,171
TA,2,8,Random,1,629
TA,2,8,BFS,1,624
TA,2,9,Ready,1,180
TA,2,9,Random,1,638
TA,2,9,BFS,1,668
TA,2,10,Ready,1,189
TA,2,10,Random,1,702
TA,2,10,BFS,1,712
TA,2,11,Ready,1,198
TA,2,11,Random,1,756
TA,2,11,BFS,1,758
TA,2,12,Ready,1,207
TA,2,12,Random,1,792
TA,2,12,BFS,1,802
TA,2,13,Ready,1,216
TA,2,13,Random,1,838
TA,2,13,BFS,1,846
TA,2,14,Ready,1,225
TA,2,14,Random,1,878
TA,2,14,BFS,1,890
TA,2,15,Ready,1,234
TA,2,15,Random,1,932
TA,2,15,BFS,1,932
TA,3,1,Ready,1,546
TA,3,1,Random,1,2003
TA,3,1,BFS,0,-1
TA,3,2,Ready,1,567
TA,3,2,Random,0,-1
TA,3,2,BFS,0,-1
TA,3,3,Ready,1,588
TA,3,3,Random,0,-1
TA,3,3,BFS,0,-1
TA,3,4,Ready,1,609
TA,3,4,Random,0,-1
TA,3,4,BFS,0,-1
TA,3,5,Ready,1,630
TA,3,5,Random,0,-1
TA,3,5,BFS,0,-1
TA,3,6,Ready,1,651
TA,3,6,Random,0,-1
TA,3,6,BFS,0,-1
TA,3,7,Ready,1,672
TA,3,7,Random,0,-1
TA,3,7,BFS,0,-1
TA,3,8,Ready,1,693
TA,3,8,Random,0,-1
TA,3,8,BFS,0,-1
TA,3,9,Ready,1,714
TA,3,9,Random,0,-1
TA,3,9,BFS,0,-1
TA,3,10,Ready,1,735
TA,3,10,Random,0,-1
TA,3,10,BFS,0,-1
TA,3,11,Ready,1,756
TA,3,11,Random,0,-1
TA,3,11,BFS,0,-1
TA,3,12,Ready,1,777
TA,3,12,Random,0,-1
TA,3,12,BFS,0,-1
TA,3,13,Ready,1,798
TA,3,13,Random,0,-1
TA,3,13,BFS,0,-1
TA,3,14,Ready,1,819
TA,3,14,Random,0,-1
TA,3,14,BFS,0,-1
TA,3,15,Ready,1,840
TA,3,15,Random,0,-1
TA,3,15,BFS,0,-1
TA,4,1,Ready,0,-1
TA,4,1,Random,0,-1
TA,4,1,BFS,0,-1
TA,4,2,Ready,0,-1
TA,4,2,Random,0,-1
TA,4,2,BFS,0,-1
TA,4,3,Ready,0,-1
TA,4,3,Random,0,-1
TA,4,3,BFS,0,-1
TA,4,4,Ready,0,-1
TA,4,4,Random,0,-1
TA,4,4,BFS,0,-1
TA,4,5,Ready,0,-1
TA,4,5,Random,0,-1
TA,4,5,BFS,0,-1
TA,4,6,Ready,0,-1
TA,4,6,Random,0,-1
TA,4,6,BFS,0,-1
TA,4,7,Ready,0,-1
TA,4,7,Random,0,-1
TA,4,7,BFS,0,-1
TA,4,8,Ready,0,-1
TA,4,8,Random,0,-1
TA,4,8,BFS,0,-1
TA,4,9,Ready,0,-1
TA,4,9,Random,0,-1
TA,4,9,BFS,0,-1
TA,4,10,Ready,0,-1
TA,4,10,Random,0,-1
TA,4,10,BFS,0,-1
TA,4,11,Ready,0,-1
TA,4,11,Random,0,-1
TA,4,11,BFS,0,-1
TA,4,12,Ready,0,-1
TA,4,12,Random,0,-1
TA,4,12,BFS,0,-1
TA,4,13,Ready,0,-1
TA,4,13,Random,0,-1
TA,4,13,BFS,0,-1
TA,4,14,Ready,0,-1
TA,4,14,Random,0,-1
TA,4,14,BFS,0,-1
TA,4,15,Ready,0,-1
TA,4,15,Random,0,-1
TA,4,15,BFS,0,-1
TA,5,1,Ready,0,-1
TA,5,1,Random,0,-1
TA,5,1,BFS,0,-1
TA,5,2,Ready,0,-1
TA,5,2,Random,0,-1
TA,5,2,BFS,0,-1
TA,5,3,Ready,0,-1
TA,5,3,Random,0,-1
TA,5,3,BFS,0,-1
TA,5,4,Ready,0,-1
TA,5,4,Random,0,-1
TA,5,4,BFS,0,-1
TA,5,5,Ready,0,-1
TA,5,5,Random,0,-1
TA,5,5,BFS,0,-1
TA,5,6,Ready,0,-1
TA,5,6,Random,0,-1
TA,5,6,BFS,0,-1
TA,5,7,Ready,0,-1
TA,5,7,Random,0,-1
TA,5,7,BFS,0,-1
TA,5,8,Ready,0,-1
TA,5,8,Random,0,-1
TA,5,8,BFS,0,-1
TA,5,9,Ready,0,-1
TA,5,9,Random,0,-1
TA,5,9,BFS,0,-1
TA,5,10,Ready,0,-1
TA,5,10,Random,0,-1
TA,5,10,BFS,0,-1
TA,5,11,Ready,0,-1
TA,5,11,Random,0,-1
TA,5,11,BFS,0,-1
TA,5,12,Ready,0,-1
TA,5,12,Random,0,-1
TA,5,12,BFS,0,-1
TA,5,13,Ready,0,-1
TA,5,13,Random,0,-1
TA,5,13,BFS,0,-1
TA,5,14,Ready,0,-1
TA,5,14,Random,0,-1
TA,5,14,BFS,0,-1
TA,5,15,Ready,0,-1
TA,5,15,Random,0,-1
TA,5,15,BFS,0,-1
TA,6,1,Ready,0,-1
TA,6,1,Random,0,-1
TA,6,1,BFS,0,-1
TA,6,2,Ready,0,-1
TA,6,2,Random,0,-1
TA,6,2,BFS,0,-1
TA,6,3,Ready,0,-1
TA,6,3,Random,0,-1
TA,6,3,BFS,0,-1
TA,6,4,Ready,0,-1
TA,6,4,Random,0,-1
TA,6,4,BFS,0,-1
TA,6,5,Ready,0,-1
TA,6,5,Random,0,-1
TA,6,5,BFS,0,-1
TA,6,6,Ready,0,-1
TA,6,6,Random,0,-1
TA,6,6,BFS,0,-1
TA,6,7,Ready,0,-1
TA,6,7,Random,0,-1
TA,6,7,BFS,0,-1
TA,6,8,Ready,0,-1
TA,6,8,Random,0,-1
TA,6,8,BFS,0,-1
TA,6,9,Ready,0,-1
TA,6,9,Random,0,-1
TA,6,9,BFS,0,-1
TA,6,10,Ready,0,-1
TA,6,10,Random,0,-1
TA,6,10,BFS,0,-1
TA,6,11,Ready,0,-1
TA,6,11,Random,0,-1
TA,6,11,BFS,0,-1
TA,6,12,Ready,0,-1
TA,6,12,Random,0,-1
TA,6,12,BFS,0,-1
TA,6,13,Ready,0,-1
TA,6,13,Random,0,-1
TA,6,13,BFS,0,-1
TA,6,14,Ready,0,-1
TA,6,14,Random,0,-1
TA,6,14,BFS,0,-1
TA,6,15,Ready,0,-1
TA,6,15,Random,0,-1
TA,6,15,BFS,0,-1
TA,7,1,Ready,0,-1
TA,7,1,Random,0,-1
TA,7,1,BFS,0,-1
TA,7,2,Ready,0,-1
TA,7,2,Random,0,-1
TA,7,2,BFS,0,-1
TA,7,3,Ready,0,-1
TA,7,3,Random,0,-1
TA,7,3,BFS,0,-1
TA,7,4,Ready,0,-1
TA,7,4,Random,0,-1
TA,7,4,BFS,0,-1
TA,7,5,Ready,0,-1
TA,7,5,Random,0,-1
TA,7,5,BFS,0,-1
TA,7,6,Ready,0,-1
TA,7,6,Random,0,-1
TA,7,6,BFS,0,-1
TA,7,7,Ready,0,-1
TA,7,7,Random,0,-1
TA,7,7,BFS,0,-1
TA,7,8,Ready,0,-1
TA,7,8,Random,0,-1
TA,7,8,BFS,0,-1
TA,7,9,Ready,0,-1
TA,7,9,Random,0,-1
TA,7,9,BFS,0,-1
TA,7,10,Ready,0,-1
TA,7,10,Random,0,-1
TA,7,10,BFS,0,-1
TA,7,11,Ready,0,-1
TA,7,11,Random,0,-1
TA,7,11,BFS,0,-1
TA,7,12,Ready,0,-1
TA,7,12,Random,0,-1
TA,7,12,BFS,0,-1
TA,7,13,Ready,0,-1
TA,7,13,Random,0,-1
TA,7,13,BFS,0,-1
TA,7,14,Ready,0,-1
TA,7,14,Random,0,-1
TA,7,14,BFS,0,-1
TA,7,15,Ready,0,-1
TA,7,15,Random,0,-1
TA,7,15,BFS,0,-1
TA,8,1,Ready,0,-1
TA,8,1,Random,0,-1
TA,8,1,BFS,0,-1
TA,8,2,Ready,0,-1
TA,8,2,Random,0,-1
TA,8,2,BFS,0,-1
TA,8,3,Ready,0,-1
TA,8,3,Random,0,-1
TA,8,3,BFS,0,-1
TA,8,4,Ready,0,-1
TA,8,4,Random,0,-1
TA,8,4,BFS,0,-1
TA,8,5,Ready,0,-1
TA,8,5,Random,0,-1
TA,8,5,BFS,0,-1
TA,8,6,Ready,0,-1
TA,8,6,Random,0,-1
TA,8,6,BFS,0,-1
TA,8,7,Ready,0,-1
TA,8,7,Random,0,-1
TA,8,7,BFS,0,-1
TA,8,8,Ready,0,-1
TA,8,8,Random,0,-1
TA,8,8,BFS,0,-1
TA,8,9,Ready,0,-1
TA,8,9,Random,0,-1
TA,8,9,BFS,0,-1
TA,8,10,Ready,0,-1
TA,8,10,Random,0,-1
TA,8,10,BFS,0,-1
TA,8,11,Ready,0,-1
TA,8,11,Random,0,-1
TA,8,11,BFS,0,-1
TA,8,12,Ready,0,-1
TA,8,12,Random,0,-1
TA,8,12,BFS,0,-1
TA,8,13,Ready,0,-1
TA,8,13,Random,0,-1
TA,8,13,BFS,0,-1
TA,8,14,Ready,0,-1
TA,8,14,Random,0,-1
TA,8,14,BFS,0,-1
TA,8,15,Ready,0,-1
TA,8,15,Random,0,-1
TA,8,15,BFS,0,-1
TA,9,1,Ready,0,-1
TA,9,1,Random,0,-1
TA,9,1,BFS,0,-1
TA,9,2,Ready,0,-1
TA,9,2,Random,0,-1
TA,9,2,BFS,0,-1
TA,9,3,Ready,0,-1
TA,9,3,Random,0,-1
TA,9,3,BFS,0,-1
TA,9,4,Ready,0,-1
TA,9,4,Random,0,-1
TA,9,4,BFS,0,-1
TA,9,5,Ready,0,-1
TA,9,5,Random,0,-1
TA,9,5,BFS,0,-1
TA,9,6,Ready,0,-1
TA,9,6,Random,0,-1
TA,9,6,BFS,0,-1
TA,9,7,Ready,0,-1
TA,9,7,Random,0,-1
TA,9,7,BFS,0,-1
TA,9,8,Ready,0,-1
TA,9,8,Random,0,-1
TA,9,8,BFS,0,-1
TA,9,9,Ready,0,-1
TA,9,9,Random,0,-1
TA,9,9,BFS,0,-1
TA,9,10,Ready,0,-1
TA,9,10,Random,0,-1
TA,9,10,BFS,0,-1
TA,9,11,Ready,0,-1
TA,9,11,Random,0,-1
TA,9,11,BFS,0,-1
TA,9,12,Ready,0,-1
TA,9,12,Random,0,-1
TA,9,12,BFS,0,-1
TA,9,13,Ready,0,-1
TA,9,13,Random,0,-1
TA,9,13,BFS,0,-1
TA,9,14,Ready,0,-1
TA,9,14,Random,0,-1
TA,9,14,BFS,0,-1
TA,9,15,Ready,0,-1
TA,9,15,Random,0,-1
TA,9,15,BFS,0,-1
TA,10,1,Ready,0,-1
TA,10,1,Random,0,-1
TA,10,1,BFS,0,-1
TA,10,2,Ready,0,-1
TA,10,2,Random,0,-1
TA,10,2,BFS,0,-1
TA,10,3,Ready,0,-1
TA,10,3,Random,0,-1
TA,10,3,BFS,0,-1
TA,10,4,Ready,0,-1
TA,10,4,Random,0,-1
TA,10,4,BFS,0,-1
TA,10,5,Ready,0,-1
TA,10,5,Random,0,-1
TA,10,5,BFS,0,-1
TA,10,6,Ready,0,-1
TA,10,6,Random,0,-1
TA,10,6,BFS,0,-1
TA,10,7,Ready,0,-1
TA,10,7,Random,0,-1
TA,10,7,BFS,0,-1
TA,10,8,Ready,0,-1
TA,10,8,Random,0,-1
TA,10,8,BFS,0,-1
TA,10,9,Ready,0,-1
TA,10,9,Random,0,-1
TA,10,9,BFS,0,-1
TA,10,10,Ready,0,-1
TA,10,10,Random,0,-1
TA,10,10,BFS,0,-1
TA,10,11,Ready,0,-1
TA,10,11,Random,0,-1
TA,10,11,BFS,0,-1
TA,10,12,Ready,0,-1
TA,10,12,Random,0,-1
TA,10,12,BFS,0,-1
TA,10,13,Ready,0,-1
TA,10,13,Random,0,-1
TA,10,13,BFS,0,-1
TA,10,14,Ready,0,-1
TA,10,14,Random,0,-1
TA,10,14,BFS,0,-1
TA,10,15,Ready,0,-1
TA,10,15,Random,0,-1
TA,10,15,BFS,0,-1
TA,11,1,Ready,0,-1
TA,11,1,Random,0,-1
TA,11,1,BFS,0,-1
TA,11,2,Ready,0,-1
TA,11,2,Random,0,-1
TA,11,2,BFS,0,-1
TA,11,3,Ready,0,-1
TA,11,3,Random,0,-1
TA,11,3,BFS,0,-1
TA,11,4,Ready,0,-1
TA,11,4,Random,0,-1
TA,11,4,BFS,0,-1
TA,11,5,Ready,0,-1
TA,11,5,Random,0,-1
TA,11,5,BFS,0,-1
TA,11,6,Ready,0,-1
TA,11,6,Random,0,-1
TA,11,6,BFS,0,-1
TA,11,7,Ready,0,-1
TA,11,7,Random,0,-1
TA,11,7,BFS,0,-1
TA,11,8,Ready,0,-1
TA,11,8,Random,0,-1
TA,11,8,BFS,0,-1
TA,11,9,Ready,0,-1
TA,11,9,Random,0,-1
TA,11,9,BFS,0,-1
TA,11,10,Ready,0,-1
TA,11,10,Random,0,-1
TA,11,10,BFS,0,-1
TA,11,11,Ready,0,-1
TA,11,11,Random,0,-1
TA,11,11,BFS,0,-1
TA,11,12,Ready,0,-1
TA,11,12,Random,0,-1
TA,11,12,BFS,0,-1
TA,11,13,Ready,0,-1
TA,11,13,Random,0,-1
TA,11,13,BFS,0,-1
TA,11,14,Ready,0,-1
TA,11,14,Random,0,-1
TA,11,14,BFS,0,-1
TA,11,15,Ready,0,-1
TA,11,15,Random,0,-1
TA,11,15,BFS,0,-1
TA,12,1,Ready,0,-1
TA,12,1,Random,0,-1
TA,12,1,BFS,0,-1
TA,12,2,Ready,0,-1
TA,12,2,Random,0,-1
TA,12,2,BFS,0,-1
TA,12,3,Ready,0,-1
TA,12,3,Random,0,-1
TA,12,3,BFS,0,-1
TA,12,4,Ready,0,-1
TA,12,4,Random,0,-1
TA,12,4,BFS,0,-1
TA,12,5,Ready,0,-1
TA,12,5,Random,0,-1
TA,12,5,BFS,0,-1
TA,12,6,Ready,0,-1
TA,12,6,Random,0,-1
TA,12,6,BFS,0,-1
TA,12,7,Ready,0,-1
TA,12,7,Random,0,-1
TA,12,7,BFS,0,-1
TA,12,8,Ready,0,-1
TA,12,8,Random,0,-1
TA,12,8,BFS,0,-1
TA,12,9,Ready,0,-1
TA,12,9,Random,0,-1
TA,12,9,BFS,0,-1
TA,12,10,Ready,0,-1
TA,12,10,Random,0,-1
TA,12,10,BFS,0,-1
TA,12,11,Ready,0,-1
TA,12,11,Random,0,-1
TA,12,11,BFS,0,-1
TA,12,12,Ready,0,-1
TA,12,12,Random,0,-1
TA,12,12,BFS,0,-1
TA,12,13,Ready,0,-1
TA,12,13,Random,0,-1
TA,12,13,BFS,0,-1
TA,12,14,Ready,0,-1
TA,12,14,Random,0,-1
TA,12,14,BFS,0,-1
TA,12,15,Ready,0,-1
TA,12,15,Random,0,-1
TA,12,15,BFS,0,-1
TA,13,1,Ready,0,-1
TA,13,1,Random,0,-1
TA,13,1,BFS,0,-1
TA,13,2,Ready,0,-1
TA,13,2,Random,0,-1
TA,13,2,BFS,0,-1
TA,13,3,Ready,0,-1
TA,13,3,Random,0,-1
TA,13,3,BFS,0,-1
TA,13,4,Ready,0,-1
TA,13,4,Random,0,-1
TA,13,4,BFS,0,-1
TA,13,5,Ready,0,-1
TA,13,5,Random,0,-1
TA,13,5,BFS,0,-1
TA,13,6,Ready,0,-1
TA,13,6,Random,0,-1
TA,13,6,BFS,0,-1
TA,13,7,Ready,0,-1
TA,13,7,Random,0,-1
TA,13,7,BFS,0,-1
TA,13,8,Ready,0,-1
TA,13,8,Random,0,-1
TA,13,8,BFS,0,-1
TA,13,9,Ready,0,-1
TA,13,9,Random,0,-1
TA,13,9,BFS,0,-1
TA,13,10,Ready,0,-1
TA,13,10,Random,0,-1
TA,13,10,BFS,0,-1
TA,13,11,Ready,0,-1
TA,13,11,Random,0,-1
TA,13,11,BFS,0,-1
TA,13,12,Ready,0,-1
TA,13,12,Random,0,-1
TA,13,12,BFS,0,-1
TA,13,13,Ready,0,-1
TA,13,13,Random,0,-1
TA,13,13,BFS,0,-1
TA,13,14,Ready,0,-1
TA,13,14,Random,0,-1
TA,13,14,BFS,0,-1
TA,13,15,Ready,0,-1
TA,13,15,Random,0,-1
TA,13,15,BFS,0,-1
TA,14,1,Ready,0,-1
TA,14,1,Random,0,-1
TA,14,1,BFS,0,-1
TA,14,2,Ready,0,-1
TA,14,2,Random,0,-1
TA,14,2,BFS,0,-1
TA,14,3,Ready,0,-1
TA,14,3,Random,0,-1
TA,14,3,BFS,0,-1
TA,14,4,Ready,0,-1
TA,14,4,Random,0,-1
TA,14,4,BFS,0,-1
TA,14,5,Ready,0,-1
TA,14,5,Random,0,-1
TA,14,5,BFS,0,-1
TA,14,6,Ready,0,-1
TA,14,6,Random,0,-1
TA,14,6,BFS,0,-1
TA,14,7,Ready,0,-1
TA,14,7,Random,0,-1
TA,14,7,BFS,0,-1
TA,14,8,Ready,0,-1
TA,14,8,Random,0,-1
TA,14,8,BFS,0,-1
TA,14,9,Ready,0,-1
TA,14,9,Random,0,-1
TA,14,9,BFS,0,-1
TA,14,10,Ready,0,-1
TA,14,10,Random,0,-1
TA,14,10,BFS,0,-1
TA,14,11,Ready,0,-1
TA,14,11,Random,0,-1
TA,14,11,BFS,0,-1
TA,14,12,Ready,0,-1
TA,14,12,Random,0,-1
TA,14,12,BFS,0,-1
TA,14,13,Ready,0,-1
TA,14,13,Random,0,-1
TA,14,13,BFS,0,-1
TA,14,14,Ready,0,-1
TA,14,14,Random,0,-1
TA,14,14,BFS,0,-1
TA,14,15,Ready,0,-1
TA,14,15,Random,0,-1
TA,14,15,BFS,0,-1
TA,15,1,Ready,0,-1
TA,15,1,Random,0,-1
TA,15,1,BFS,0,-1
TA,15,2,Ready,0,-1
TA,15,2,Random,0,-1
TA,15,2,BFS,0,-1
TA,15,3,Ready,0,-1
TA,15,3,Random,0,-1
TA,15,3,BFS,0,-1
TA,15,4,Ready,0,-1
TA,15,4,Random,0,-1
TA,15,4,BFS,0,-1
TA,15,5,Ready,0,-1
TA,15,5,Random,0,-1
TA,15,5,BFS,0,-1
TA,15,6,Ready,0,-1
TA,15,6,Random,0,-1
TA,15,6,BFS,0,-1
TA,15,7,Ready,0,-1
TA,15,7,Random,0,-1
TA,15,7,BFS,0,-1
TA,15,8,Ready,0,-1
TA,15,8,Random,0,-1
TA,15,8,BFS,0,-1
TA,15,9,Ready,0,-1
TA,15,9,Random,0,-1
TA,15,9,BFS,0,-1
TA,15,10,Ready,0,-1
TA,15,10,Random,0,-1
TA,15,10,BFS,0,-1
TA,15,11,Ready,0,-1
TA,15,11,Random,0,-1
TA,15,11,BFS,0,-1
TA,15,12,Ready,0,-1
TA,15,12,Random,0,-1
TA,15,12,BFS,0,-1
TA,15,13,Ready,0,-1
TA,15,13,Random,0,-1
TA,15,13,BFS,0,-1
TA,15,14,Ready,0,-1
TA,15,14,Random,0,-1
TA,15,14,BFS,0,-1
TA,15,15,Ready,0,-1
TA,15,15,Random,0,-1
TA,15,15,BFS,0,-1
TA,16,16,Ready,0,-1
TA,16,16,Random,0,-1
TA,16,16,BFS,0,-1
CM,1,1,Ready,1,21
CM,1,1,Random,1,50
CM,1,1,BFS,1,43
CM,1,2,Ready,1,42
CM,1,2,Random,1,144
CM,1,2,BFS,1,126
CM,1,3,Ready,1,69
CM,1,3,Random,1,321
CM,1,3,BFS,1,268
CM,1,4,Ready,1,130
CM,1,4,Random,1,613
CM,1,4,BFS,1,476
CM,1,5,Ready,1,141
CM,1,5,Random,1,1016
CM,1,5,BFS,1,736
CM,1,6,Ready,1,238
CM,1,6,Random,1,1191
CM,1,6,BFS,1,1095
CM,1,7,Ready,1,373
CM,1,7,Random,1,1605
CM,1,7,BFS,1,1513
CM,1,8,Ready,1,294
CM,1,8,Random,1,2051
CM,1,8,BFS,1,2031
CM,1,9,Ready,1,777
CM,1,9,Random,0,-1
CM,1,9,BFS,1,2437
CM,1,10,Ready,1,526
CM,1,10,Random,0,-1
CM,1,10,BFS,0,-1
CM,1,11,Ready,1,883
CM,1,11,Random,0,-1
CM,1,11,BFS,0,-1
CM,1,12,Ready,1,1439
CM,1,12,Random,0,-1
CM,1,12,BFS,0,-1
CM,1,13,Ready,1,669
CM,1,13,Random,0,-1
CM,1,13,BFS,0,-1
CM,1,14,Ready,1,916
CM,1,14,Random,0,-1
CM,1,14,BFS,0,-1
CM,1,15,Ready,1,1430
CM,1,15,Random,0,-1
CM,1,15,BFS,0,-1
CM,2,1,Ready,1,132
CM,2,1,Random,1,510
CM,2,1,BFS,1,377
CM,2,2,Ready,1,413
CM,2,2,Random,0,-1
CM,2,2,BFS,0,-1
CM,2,3,Ready,1,886
CM,2,3,Random,0,-1
CM,2,3,BFS,0,-1
CM,2,4,Ready,1,1583
CM,2,4,Random,0,-1
CM,2,4,BFS,0,-1
CM,2,5,Ready,0,-1
CM,2,5,Random,0,-1
CM,2,5,BFS,0,-1
CM,2,6,Ready,0,-1
CM,2,6,Random,0,-1
CM,2,6,BFS,0,-1
CM,2,7,Ready,0,-1
CM,2,7,Random,0,-1
CM,2,7,BFS,0,-1
CM,2,8,Ready,0,-1
CM,2,8,Random,0,-1
CM,2,8,BFS,0,-1
CM,2,9,Ready,0,-1
CM,2,9,Random,0,-1
CM,2,9,BFS,0,-1
CM,2,10,Ready,0,-1
CM,2,10,Random,0,-1
CM,2,10,BFS,0,-1
CM,2,11,Ready,0,-1
CM,2,11,Random,0,-1
CM,2,11,BFS,0,-1
CM,2,12,Ready,0,-1
CM,2,12,Random,0,-1
CM,2,12,BFS,0,-1
CM,2,13,Ready,0,-1
CM,2,13,Random,0,-1
CM,2,13,BFS,0,-1
CM,2,14,Ready,0,-1
CM,2,14,Random,0,-1
CM,2,14,BFS,0,-1
CM,2,15,Ready,0,-1
CM,2,15,Random,0,-1
CM,2,15,BFS,0,-1
CM,3,1,Ready,1,922
CM,3,1,Random,0,-1
CM,3,1,BFS,0,-1
CM,3,2,Ready,0,-1
CM,3,2,Random,0,-1
CM,3,2,BFS,0,-1
CM,3,3,Ready,0,-1
CM,3,3,Random,0,-1
CM,3,3,BFS,0,-1
CM,3,4,Ready,0,-1
CM,3,4,Random,0,-1
CM,3,4,BFS,0,-1
CM,3,5,Ready,0,-1
CM,3,5,Random,0,-1
CM,3,5,BFS,0,-1
CM,3,6,Ready,0,-1
CM,3,6,Random,0,-1
CM,3,6,BFS,0,-1
CM,3,7,Ready,0,-1
CM,3,7,Random,0,-1
CM,3,7,BFS,0,-1
CM,3,8,Ready,0,-1
CM,3,8,Random,0,-1
CM,3,8,BFS,0,-1
CM,3,9,Ready,0,-1
CM,3,9,Random,0,-1
CM,3,9,BFS,0,-1
CM,3,10,Ready,0,-1
CM,3,10,Random,0,-1
CM,3,10,BFS,0,-1
CM,3,11,Ready,0,-1
CM,3,11,Random,0,-1
CM,3,11,BFS,0,-1
CM,3,12,Ready,0,-1
CM,3,12,Random,0,-1
CM,3,12,BFS,0,-1
CM,3,13,Ready,0,-1
CM,3,13,Random,0,-1
CM,3,13,BFS,0,-1
CM,3,14,Ready,0,-1
CM,3,14,Random,0,-1
CM,3,14,BFS,0,-1
CM,3,15,Ready,0,-1
CM,3,15,Random,0,-1
CM,3,15,BFS,0,-1
CM,4,1,Ready,0,-1
CM,4,1,Random,0,-1
CM,4,1,BFS,0,-1
CM,4,2,Ready,0,-1
CM,4,2,Random,0,-1
CM,4,2,BFS,0,-1
CM,4,3,Ready,0,-1
CM,4,3,Random,0,-1
CM,4,3,BFS,0,-1
CM,4,4,Ready,0,-1
CM,4,4,Random,0,-1
CM,4,4,BFS,0,-1
CM,4,5,Ready,0,-1
CM,4,5,Random,0,-1
CM,4,5,BFS,0,-1
CM,4,6,Ready,0,-1
CM,4,6,Random,0,-1
CM,4,6,BFS,0,-1
CM,4,7,Ready,0,-1
CM,4,7,Random,0,-1
CM,4,7,BFS,0,-1
CM,4,8,Ready,0,-1
CM,4,8,Random,0,-1
CM,4,8,BFS,0,-1
CM,4,9,Ready,0,-1
CM,4,9,Random,0,-1
CM,4,9,BFS,0,-1
CM,4,10,Ready,0,-1
CM,4,10,Random,0,-1
CM,4,10,BFS,0,-1
CM,4,11,Ready,0,-1
CM,4,11,Random,0,-1
CM,4,11,BFS,0,-1
CM,4,12,Ready,0,-1
CM,4,12,Random,0,-1
CM,4,12,BFS,0,-1
CM,4,13,Ready,0,-1
CM,4,13,Random,0,-1
CM,4,13,BFS,0,-1
CM,4,14,Ready,0,-1
CM,4,14,Random,0,-1
CM,4,14,BFS,0,-1
CM,4,15,Ready,0,-1
CM,4,15,Random,0,-1
CM,4,15,BFS,0,-1
CM,5,1,Ready,0,-1
CM,5,1,Random,0,-1
CM,5,1,BFS,0,-1
CM,5,2,Ready,0,-1
CM,5,2,Random,0,-1
CM,5,2,BFS,0,-1
CM,5,3,Ready,0,-1
CM,5,3,Random,0,-1
CM,5,3,BFS,0,-1
CM,5,4,Ready,0,-1
CM,5,4,Random,0,-1
CM,5,4,BFS,0,-1
CM,5,5,Ready,0,-1
CM,5,5,Random,0,-1
CM,5,5,BFS,0,-1
CM,5,6,Ready,0,-1
CM,5,6,Random,0,-1
CM,5,6,BFS,0,-1
CM,5,7,Ready,0,-1
CM,5,7,Random,0,-1
CM,5,7,BFS,0,-1
CM,5,8,Ready,0,-1
CM,5,8,Random,0,-1
CM,5,8,BFS,0,-1
CM,5,9,Ready,0,-1
CM,5,9,Random,0,-1
CM,5,9,BFS,0,-1
CM,5,10,Ready,0,-1
CM,5,10,Random,0,-1
CM,5,10,BFS,0,-1
CM,5,11,Ready,0,-1
CM,5,11,Random,0,-1
CM,5,11,BFS,0,-1
CM,5,12,Ready,0,-1
CM,5,12,Random,0,-1
CM,5,12,BFS,0,-1
CM,5,13,Ready,0,-1
CM,5,13,Random,0,-1
CM,5,13,BFS,0,-1
CM,5,14,Ready,0,-1
CM,5,14,Random,0,-1
CM,5,14,BFS,0,-1
CM,5,15,Ready,0,-1
CM,5,15,Random,0,-1
CM,5,15,BFS,0,-1
CM,6,1,Ready,0,-1
CM,6,1,Random,0,-1
CM,6,1,BFS,0,-1
CM,6,2,Ready,0,-1
CM,6,2,Random,0,-1
CM,6,2,BFS,0,-1
CM,6,3,Ready,0,-1
CM,6,3,Random,0,-1
CM,6,3,BFS,0,-1
CM,6,4,Ready,0,-1
CM,6,4,Random,0,-1
CM,6,4,BFS,0,-1
CM,6,5,Ready,0,-1
CM,6,5,Random,0,-1
CM,6,5,BFS,0,-1
CM,6,6,Ready,0,-1
CM,6,6,Random,0,-1
CM,6,6,BFS,0,-1
CM,6,7,Ready,0,-1
CM,6,7,Random,0,-1
CM,6,7,BFS,0,-1
CM,6,8,Ready,0,-1
CM,6,8,Random,0,-1
CM,6,8,BFS,0,-1
CM,6,9,Ready,0,-1
CM,6,9,Random,0,-1
CM,6,9,BFS,0,-1
CM,6,10,Ready,0,-1
CM,6,10,Random,0,-1
CM,6,10,BFS,0,-1
CM,6,11,Ready,0,-1
CM,6,11,Random,0,-1
CM,6,11,BFS,0,-1
CM,6,12,Ready,0,-1
CM,6,12,Random,0,-1
CM,6,12,BFS,0,-1
CM,6,13,Ready,0,-1
CM,6,13,Random,0,-1
CM,6,13,BFS,0,-1
CM,6,14,Ready,0,-1
CM,6,14,Random,0,-1
CM,6,14,BFS,0,-1
CM,6,15,Ready,0,-1
CM,6,15,Random,0,-1
CM,6,15,BFS,0,-1
CM,7,1,Ready,0,-1
CM,7,1,Random,0,-1
CM,7,1,BFS,0,-1
CM,7,2,Ready,0,-1
CM,7,2,Random,0,-1
CM,7,2,BFS,0,-1
CM,7,3,Ready,0,-1
CM,7,3,Random,0,-1
CM,7,3,BFS,0,-1
CM,7,4,Ready,0,-1
CM,7,4,Random,0,-1
CM,7,4,BFS,0,-1
CM,7,5,Ready,0,-1
CM,7,5,Random,0,-1
CM,7,5,BFS,0,-1
CM,7,6,Ready,0,-1
CM,7,6,Random,0,-1
CM,7,6,BFS,0,-1
CM,7,7,Ready,0,-1
CM,7,7,Random,0,-1
CM,7,7,BFS,0,-1
CM,7,8,Ready,0,-1
CM,7,8,Random,0,-1
CM,7,8,BFS,0,-1
CM,7,9,Ready,0,-1
CM,7,9,Random,0,-1
CM,7,9,BFS,0,-1
CM,7,10,Ready,0,-1
CM,7,10,Random,0,-1
CM,7,10,BFS,0,-1
CM,7,11,Ready,0,-1
CM,7,11,Random,0,-1
CM,7,11,BFS,0,-1
CM,7,12,Ready,0,-1
CM,7,12,Random,0,-1
CM,7,12,BFS,0,-1
CM,7,13,Ready,0,-1
CM,7,13,Random,0,-1
CM,7,13,BFS,0,-1
CM,7,14,Ready,0,-1
CM,7,14,Random,0,-1
CM,7,14,BFS,0,-1
CM,7,15,Ready,0,-1
CM,7,15,Random,0,-1
CM,7,15,BFS,0,-1
CM,8,1,Ready,0,-1
CM,8,1,Random,0,-1
CM,8,1,BFS,0,-1
CM,8,2,Ready,0,-1
CM,8,2,Random,0,-1
CM,8,2,BFS,0,-1
CM,8,3,Ready,0,-1
CM,8,3,Random,0,-1
CM,8,3,BFS,0,-1
CM,8,4,Ready,0,-1
CM,8,4,Random,0,-1
CM,8,4,BFS,0,-1
CM,8,5,Ready,0,-1
CM,8,5,Random,0,-1
CM,8,5,BFS,0,-1
CM,8,6,Ready,0,-1
CM,8,6,Random,0,-1
CM,8,6,BFS,0,-1
CM,8,7,Ready,0,-1
CM,8,7,Random,0,-1
CM,8,7,BFS,0,-1
CM,8,8,Ready,0,-1
CM,8,8,Random,0,-1
CM,8,8,BFS,0,-1
CM,8,9,Ready,0,-1
CM,8,9,Random,0,-1
CM,8,9,BFS,0,-1
CM,8,10,Ready,0,-1
CM,8,10,Random,0,-1
CM,8,10,BFS,0,-1
CM,8,11,Ready,0,-1
CM,8,11,Random,0,-1
CM,8,11,BFS,0,-1
CM,8,12,Ready,0,-1
CM,8,12,Random,0,-1
CM,8,12,BFS,0,-1
CM,8,13,Ready,0,-1
CM,8,13,Random,0,-1
CM,8,13,BFS,0,-1
CM,8,14,Ready,0,-1
CM,8,14,Random,0,-1
CM,8,14,BFS,0,-1
CM,8,15,Ready,0,-1
CM,8,15,Random,0,-1
CM,8,15,BFS,0,-1
CM,9,1,Ready,0,-1
CM,9,1,Random,0,-1
CM,9,1,BFS,0,-1
CM,9,2,Ready,0,-1
CM,9,2,Random,0,-1
CM,9,2,BFS,0,-1
CM,9,3,Ready,0,-1
CM,9,3,Random,0,-1
CM,9,3,BFS,0,-1
CM,9,4,Ready,0,-1
CM,9,4,Random,0,-1
CM,9,4,BFS,0,-1
CM,9,5,Ready,0,-1
CM,9,5,Random,0,-1
CM,9,5,BFS,0,-1
CM,9,6,Ready,0,-1
CM,9,6,Random,0,-1
CM,9,6,BFS,0,-1
CM,9,7,Ready,0,-1
CM,9,7,Random,0,-1
CM,9,7,BFS,0,-1
CM,9,8,Ready,0,-1
CM,9,8,Random,0,-1
CM,9,8,BFS,0,-1
CM,9,9,Ready,0,-1
CM,9,9,Random,0,-1
CM,9,9,BFS,0,-1
CM,9,10,Ready,0,-1
CM,9,10,Random,0,-1
CM,9,10,BFS,0,-1
CM,9,11,Ready,0,-1
CM,9,11,Random,0,-1
CM,9,11,BFS,0,-1
CM,9,12,Ready,0,-1
CM,9,12,Random,0,-1
CM,9,12,BFS,0,-1
CM,9,13,Ready,0,-1
CM,9,13,Random,0,-1
CM,9,13,BFS,0,-1
CM,9,14,Ready,0,-1
CM,9,14,Random,0,-1
CM,9,14,BFS,0,-1
CM,9,15,Ready,0,-1
CM,9,15,Random,0,-1
CM,9,15,BFS,0,-1
CM,10,1,Ready,0,-1
CM,10,1,Random,0,-1
CM,10,1,BFS,0,-1
CM,10,2,Ready,0,-1
CM,10,2,Random,0,-1
CM,10,2,BFS,0,-1
CM,10,3,Ready,0,-1
CM,10,3,Random,0,-1
CM,10,3,BFS,0,-1
CM,10,4,Ready,0,-1
CM,10,4,Random,0,-1
CM,10,4,BFS,0,-1
CM,10,5,Ready,0,-1
CM,10,5,Random,0,-1
CM,10,5,BFS,0,-1
CM,10,6,Ready,0,-1
CM,10,6,Random,0,-1
CM,10,6,BFS,0,-1
CM,10,7,Ready,0,-1
CM,10,7,Random,0,-1
CM,10,7,BFS,0,-1
CM,10,8,Ready,0,-1
CM,10,8,Random,0,-1
CM,10,8,BFS,0,-1
CM,10,9,Ready,0,-1
CM,10,9,Random,0,-1
CM,10,9,BFS,0,-1
CM,10,10,Ready,0,-1
CM,10,10,Random,0,-1
CM,10,10,BFS,0,-1
CM,10,11,Ready,0,-1
CM,10,11,Random,0,-1
CM,10,11,BFS,0,-1
CM,10,12,Ready,0,-1
CM,10,12,Random,0,-1
CM,10,12,BFS,0,-1
CM,10,13,Ready,0,-1
CM,10,13,Random,0,-1
CM,10,13,BFS,0,-1
CM,10,14,Ready,0,-1
CM,10,14,Random,0,-1
CM,10,14,BFS,0,-1
CM,10,15,Ready,0,-1
CM,10,15,Random,0,-1
CM,10,15,BFS,0,-1
CM,11,1,Ready,0,-1
CM,11,1,Random,0,-1
CM,11,1,BFS,0,-1
CM,11,2,Ready,0,-1
CM,11,2,Random,0,-1
CM,11,2,BFS,0,-1
CM,11,3,Ready,0,-1
CM,11,3,Random,0,-1
CM,11,3,BFS,0,-1
CM,11,4,Ready,0,-1
CM,11,4,Random,0,-1
CM,11,4,BFS,0,-1
CM,11,5,Ready,0,-1
CM,11,5,Random,0,-1
CM,11,5,BFS,0,-1
CM,11,6,Ready,0,-1
CM,11,6,Random,0,-1
CM,11,6,BFS,0,-1
CM,11,7,Ready,0,-1
CM,11,7,Random,0,-1
CM,11,7,BFS,0,-1
CM,11,8,Ready,0,-1
CM,11,8,Random,0,-1
CM,11,8,BFS,0,-1
CM,11,9,Ready,0,-1
CM,11,9,Random,0,-1
CM,11,9,BFS,0,-1
CM,11,10,Ready,0,-1
CM,11,10,Random,0,-1
CM,11,10,BFS,0,-1
CM,11,11,Ready,0,-1
CM,11,11,Random,0,-1
CM,11,11,BFS,0,-1
CM,11,12,Ready,0,-1
CM,11,12,Random,0,-1
CM,11,12,BFS,0,-1
CM,11,13,Ready,0,-1
CM,11,13,Random,0,-1
CM,11,13,BFS,0,-1
CM,11,14,Ready,0,-1
CM,11,14,Random,0,-1
CM,11,14,BFS,0,-1
CM,11,15,Ready,0,-1
CM,11,15,Random,0,-1
CM,11,15,BFS,0,-1
CM,12,1,Ready,0,-1
CM,12,1,Random,0,-1
CM,12,1,BFS,0,-1
CM,12,2,Ready,0,-1
CM,12,2,Random,0,-1
CM,12,2,BFS,0,-1
CM,12,3,Ready,0,-1
CM,12,3,Random,0,-1
CM,12,3,BFS,0,-1
CM,12,4,Ready,0,-1
CM,12,4,Random,0,-1
CM,12,4,BFS,0,-1
CM,12,5,Ready,0,-1
CM,12,5,Random,0,-1
CM,12,5,BFS,0,-1
CM,12,6,Ready,0,-1
CM,12,6,Random,0,-1
CM,12,6,BFS,0,-1
CM,12,7,Ready,0,-1
CM,12,7,Random,0,-1
CM,12,7,BFS,0,-1
CM,12,8,Ready,0,-1
CM,12,8,Random,0,-1
CM,12,8,BFS,0,-1
CM,12,9,Ready,0,-1
CM,12,9,Random,0,-1
CM,12,9,BFS,0,-1
CM,12,10,Ready,0,-1
CM,12,10,Random,0,-1
CM,12,10,BFS,0,-1
CM,12,11,Ready,0,-1
CM,12,11,Random,0,-1
CM,12,11,BFS,0,-1
CM,12,12,Ready,0,-1
CM,12,12,Random,0,-1
CM,12,12,BFS,0,-1
CM,12,13,Ready,0,-1
CM,12,13,Random,0,-1
CM,12,13,BFS,0,-1
CM,12,14,Ready,0,-1
CM,12,14,Random,0,-1
CM,12,14,BFS,0,-1
CM,12,15,Ready,0,-1
CM,12,15,Random,0,-1
CM,12,15,BFS,0,-1
CM,13,1,Ready,0,-1
CM,13,1,Random,0,-1
CM,13,1,BFS,0,-1
CM,13,2,Ready,0,-1
CM,13,2,Random,0,-1
CM,13,2,BFS,0,-1
CM,13,3,Ready,0,-1
CM,13,3,Random,0,-1
CM,13,3,BFS,0,-1
CM,13,4,Ready,0,-1
CM,13,4,Random,0,-1
CM,13,4,BFS,0,-1
CM,13,5,Ready,0,-1
CM,13,5,Random,0,-1
CM,13,5,BFS,0,-1
CM,13,6,Ready,0,-1
CM,13,6,Random,0,-1
CM,13,6,BFS,0,-1
CM,13,7,Ready,0,-1
CM,13,7,Random,0,-1
CM,13,7,BFS,0,-1
CM,13,8,Ready,0,-1
CM,13,8,Random,0,-1
CM,13,8,BFS,0,-1
CM,13,9,Ready,0,-1
CM,13,9,Random,0,-1
CM,13,9,BFS,0,-1
CM,13,10,Ready,0,-1
CM,13,10,Random,0,-1
CM,13,10,BFS,0,-1
CM,13,11,Ready,0,-1
CM,13,11,Random,0,-1
CM,13,11,BFS,0,-1
CM,13,12,Ready,0,-1
CM,13,12,Random,0,-1
CM,13,12,BFS,0,-1
CM,13,13,Ready,0,-1
CM,13,13,Random,0,-1
CM,13,13,BFS,0,-1
CM,13,14,Ready,0,-1
CM,13,14,Random,0,-1
CM,13,14,BFS,0,-1
CM,13,15,Ready,0,-1
CM,13,15,Random,0,-1
CM,13,15,BFS,0,-1
CM,14,1,Ready,0,-1
CM,14,1,Random,0,-1
CM,14,1,BFS,0,-1
CM,14,2,Ready,0,-1
CM,14,2,Random,0,-1
CM,14,2,BFS,0,-1
CM,14,3,Ready,0,-1
CM,14,3,Random,0,-1
CM,14,3,BFS,0,-1
CM,14,4,Ready,0,-1
CM,14,4,Random,0,-1
CM,14,4,BFS,0,-1
CM,14,5,Ready,0,-1
CM,14,5,Random,0,-1
CM,14,5,BFS,0,-1
CM,14,6,Ready,0,-1
CM,14,6,Random,0,-1
CM,14,6,BFS,0,-1
CM,14,7,Ready,0,-1
CM,14,7,Random,0,-1
CM,14,7,BFS,0,-1
CM,14,8,Ready,0,-1
CM,14,8,Random,0,-1
CM,14,8,BFS,0,-1
CM,14,9,Ready,0,-1
CM,14,9,Random,0,-1
CM,14,9,BFS,0,-1
CM,14,10,Ready,0,-1
CM,14,10,Random,0,-1
CM,14,10,BFS,0,-1
CM,14,11,Ready,0,-1
CM,14,11,Random,0,-1
CM,14,11,BFS,0,-1
CM,14,12,Ready,0,-1
CM,14,12,Random,0,-1
CM,14,12,BFS,0,-1
CM,14,13,Ready,0,-1
CM,14,13,Random,0,-1
CM,14,13,BFS,0,-1
CM,14,14,Ready,0,-1
CM,14,14,Random,0,-1
CM,14,14,BFS,0,-1
CM,14,15,Ready,0,-1
CM,14,15,Random,0,-1
CM,14,15,BFS,0,-1
CM,15,1,Ready,0,-1
CM,15,1,Random,0,-1
CM,15,1,BFS,0,-1
CM,15,2,Ready,0,-1
CM,15,2,Random,0,-1
CM,15,2,BFS,0,-1
CM,15,3,Ready,0,-1
CM,15,3,Random,0,-1
CM,15,3,BFS,0,-1
CM,15,4,Ready,0,-1
CM,15,4,Random,0,-1
CM,15,4,BFS,0,-1
CM,15,5,Ready,0,-1
CM,15,5,Random,0,-1
CM,15,5,BFS,0,-1
CM,15,6,Ready,0,-1
CM,15,6,Random,0,-1
CM,15,6,BFS,0,-1
CM,15,7,Ready,0,-1
CM,15,7,Random,0,-1
CM,15,7,BFS,0,-1
CM,15,8,Ready,0,-1
CM,15,8,Random,0,-1
CM,15,8,BFS,0,-1
CM,15,9,Ready,0,-1
CM,15,9,Random,0,-1
CM,15,9,BFS,0,-1
CM,15,10,Ready,0,-1
CM,15,10,Random,0,-1
CM,15,10,BFS,0,-1
CM,15,11,Ready,0,-1
CM,15,11,Random,0,-1
CM,15,11,BFS,0,-1
CM,15,12,Ready,0,-1
CM,15,12,Random,0,-1
CM,15,12,BFS,0,-1
CM,15,13,Ready,0,-1
CM,15,13,Random,0,-1
CM,15,13,BFS,0,-1
CM,15,14,Ready,0,-1
CM,15,14,Random,0,-1
CM,15,14,BFS,0,-1
CM,15,15,Ready,0,-1
CM,15,15,Random,0,-1
CM,15,15,BFS,0,-1
BW,1,1,Ready,1,6
BW,1,1,Random,1,16
BW,1,1,BFS,1,15
BW,1,2,Ready,1,6
BW,1,2,Random,1,20
BW,1,2,BFS,1,15
BW,1,3,Ready,1,6
BW,1,3,Random,1,16
BW,1,3,BFS,1,15
BW,1,4,Ready,1,6
BW,1,4,Random,1,21
BW,1,4,BFS,1,15
BW,1,5,Ready,1,6
BW,1,5,Random,1,15
BW,1,5,BFS,1,15
BW,1,6,Ready,1,6
BW,1,6,Random,1,9
BW,1,6,BFS,1,15
BW,1,7,Ready,1,6
BW,1,7,Random,1,9
BW,1,7,BFS,1,15
BW,1,8,Ready,1,6
BW,1,8,Random,1,12
BW,1,8,BFS,1,15
BW,1,9,Ready,1,6
BW,1,9,Random,1,30
BW,1,9,BFS,1,15
BW,1,10,Ready,1,6
BW,1,10,Random,1,14
BW,1,10,BFS,1,15
BW,1,11,Ready,1,6
BW,1,11,Random,1,18
BW,1,11,BFS,1,15
BW,1,12,Ready,1,6
BW,1,12,Random,1,12
BW,1,12,BFS,1,15
BW,1,13,Ready,1,6
BW,1,13,Random,1,17
BW,1,13,BFS,1,15
BW,1,14,Ready,1,6
BW,1,14,Random,1,34
BW,1,14,BFS,1,15
BW,1,15,Ready,1,6
BW,1,15,Random,1,24
BW,1,15,BFS,1,15
BW,2,1,Ready,1,14
BW,2,1,Random,1,68
BW,2,1,BFS,1,63
BW,2,2,Ready,1,20
BW,2,2,Random,1,107
BW,2,2,BFS,1,111
BW,2,3,Ready,1,26
BW,2,3,Random,1,216
BW,2,3,BFS,1,177
BW,2,4,Ready,1,32
BW,2,4,Random,1,348
BW,2,4,BFS,1,257
BW,2,5,Ready,1,38
BW,2,5,Random,1,500
BW,2,5,BFS,1,351
BW,2,6,Ready,1,44
BW,2,6,Random,1,666
BW,2,6,BFS,1,459
BW,2,7,Ready,1,50
BW,2,7,Random,1,860
BW,2,7,BFS,1,581
BW,2,8,Ready,1,56
BW,2,8,Random,1,1047
BW,2,8,BFS,1,717
BW,2,9,Ready,1,62
BW,2,9,Random,1,1292
BW,2,9,BFS,1,867
BW,2,10,Ready,1,68
BW,2,10,Random,1,1692
BW,2,10,BFS,1,1107
BW,2,11,Ready,1,74
BW,2,11,Random,1,1882
BW,2,11,BFS,1,1289
BW,2,12,Ready,1,80
BW,2,12,Random,1,2243
BW,2,12,BFS,1,1489
BW,2,13,Ready,1,86
BW,2,13,Random,1,2478
BW,2,13,BFS,1,1703
BW,2,14,Ready,1,92
BW,2,14,Random,0,-1
BW,2,14,BFS,1,1931
BW,2,15,Ready,1,98
BW,2,15,Random,0,-1
BW,2,15,BFS,1,2173
BW,3,1,Ready,1,30
BW,3,1,Random,1,325
BW,3,1,BFS,1,300
BW,3,2,Ready,1,42
BW,3,2,Random,1,1010
BW,3,2,BFS,1,810
BW,3,3,Ready,1,54
BW,3,3,Random,1,2072
BW,3,3,BFS,1,1583
BW,3,4,Ready,1,66
BW,3,4,Random,0,-1
BW,3,4,BFS,0,-1
BW,3,5,Ready,1,78
BW,3,5,Random,0,-1
BW,3,5,BFS,0,-1
BW,3,6,Ready,1,90
BW,3,6,Random,0,-1
BW,3,6,BFS,0,-1
BW,3,7,Ready,1,102
BW,3,7,Random,0,-1
BW,3,7,BFS,0,-1
BW,3,8,Ready,1,114
BW,3,8,Random,0,-1
BW,3,8,BFS,0,-1
BW,3,9,Ready,1,126
BW,3,9,Random,0,-1
BW,3,9,BFS,0,-1
BW,3,10,Ready,1,138
BW,3,10,Random,0,-1
BW,3,10,BFS,0,-1
BW,3,11,Ready,1,150
BW,3,11,Random,0,-1
BW,3,11,BFS,0,-1
BW,3,12,Ready,1,162
BW,3,12,Random,0,-1
BW,3,12,BFS,0,-1
BW,3,13,Ready,1,174
BW,3,13,Random,0,-1
BW,3,13,BFS,0,-1
BW,3,14,Ready,1,186
BW,3,14,Random,0,-1
BW,3,14,BFS,0,-1
BW,3,15,Ready,1,198
BW,3,15,Random,0,-1
BW,3,15,BFS,0,-1
BW,4,1,Ready,1,62
BW,4,1,Random,1,1545
BW,4,1,BFS,1,1449
BW,4,2,Ready,1,86
BW,4,2,Random,0,-1
BW,4,2,BFS,0,-1
BW,4,3,Ready,1,110
BW,4,3,Random,0,-1
BW,4,3,BFS,0,-1
BW,4,4,Ready,1,134
BW,4,4,Random,0,-1
BW,4,4,BFS,0,-1
BW,4,5,Ready,1,158
BW,4,5,Random,0,-1
BW,4,5,BFS,0,-1
BW,4,6,Ready,1,182
BW,4,6,Random,0,-1
BW,4,6,BFS,0,-1
BW,4,7,Ready,1,206
BW,4,7,Random,0,-1
BW,4,7,BFS,0,-1
BW,4,8,Ready,1,230
BW,4,8,Random,0,-1
BW,4,8,BFS,0,-1
BW,4,9,Ready,1,254
BW,4,9,Random,0,-1
BW,4,9,BFS,0,-1
BW,4,10,Ready,1,278
BW,4,10,Random,0,-1
BW,4,10,BFS,0,-1
BW,4,11,Ready,1,302
BW,4,11,Random,0,-1
BW,4,11,BFS,0,-1
BW,4,12,Ready,1,326
BW,4,12,Random,0,-1
BW,4,12,BFS,0,-1
BW,4,13,Ready,1,350
BW,4,13,Random,0,-1
BW,4,13,BFS,0,-1
BW,4,14,Ready,1,374
BW,4,14,Random,0,-1
BW,4,14,BFS,0,-1
BW,4,15,Ready,1,398
BW,4,15,Random,0,-1
BW,4,15,BFS,0,-1
BW,5,1,Ready,1,126
BW,5,1,Random,0,-1
BW,5,1,BFS,0,-1
BW,5,2,Ready,1,174
BW,5,2,Random,0,-1
BW,5,2,BFS,0,-1
BW,5,3,Ready,1,222
BW,5,3,Random,0,-1
BW,5,3,BFS,0,-1
BW,5,4,Ready,1,270
BW,5,4,Random,0,-1
BW,5,4,BFS,0,-1
BW,5,5,Ready,1,318
BW,5,5,Random,0,-1
BW,5,5,BFS,0,-1
BW,5,6,Ready,1,366
BW,5,6,Random,0,-1
BW,5,6,BFS,0,-1
BW,5,7,Ready,1,414
BW,5,7,Random,0,-1
BW,5,7,BFS,0,-1
BW,5,8,Ready,1,462
BW,5,8,Random,0,-1
BW,5,8,BFS,0,-1
BW,5,9,Ready,1,510
BW,5,9,Random,0,-1
BW,5,9,BFS,0,-1
BW,5,10,Ready,1,558
BW,5,10,Random,0,-1
BW,5,10,BFS,0,-1
BW,5,11,Ready,1,606
BW,5,11,Random,0,-1
BW,5,11,BFS,0,-1
BW,5,12,Ready,1,654
BW,5,12,Random,0,-1
BW,5,12,BFS,0,-1
BW,5,13,Ready,1,702
BW,5,13,Random,0,-1
BW,5,13,BFS,0,-1
BW,5,14,Ready,1,750
BW,5,14,Random,0,-1
BW,5,14,BFS,0,-1
BW,5,15,Ready,1,798
BW,5,15,Random,0,-1
BW,5,15,BFS,0,-1
BW,6,1,Ready,1,254
BW,6,1,Random,0,-1
BW,6,1,BFS,0,-1
BW,6,2,Ready,1,350
BW,6,2,Random,0,-1
BW,6,2,BFS,0,-1
BW,6,3,Ready,1,446
BW,6,3,Random,0,-1
BW,6,3,BFS,0,-1
BW,6,4,Ready,1,542
BW,6,4,Random,0,-1
BW,6,4,BFS,0,-1
BW,6,5,Ready,1,638
BW,6,5,Random,0,-1
BW,6,5,BFS,0,-1
BW,6,6,Ready,1,734
BW,6,6,Random,0,-1
BW,6,6,BFS,0,-1
BW,6,7,Ready,1,830
BW,6,7,Random,0,-1
BW,6,7,BFS,0,-1
BW,6,8,Ready,1,926
BW,6,8,Random,0,-1
BW,6,8,BFS,0,-1
BW,6,9,Ready,1,1022
BW,6,9,Random,0,-1
BW,6,9,BFS,0,-1
BW,6,10,Ready,1,1118
BW,6,10,Random,0,-1
BW,6,10,BFS,0,-1
BW,6,11,Ready,1,1214
BW,6,11,Random,0,-1
BW,6,11,BFS,0,-1
BW,6,12,Ready,1,1310
BW,6,12,Random,0,-1
BW,6,12,BFS,0,-1
BW,6,13,Ready,1,1406
BW,6,13,Random,0,-1
BW,6,13,BFS,0,-1
BW,6,14,Ready,1,1502
BW,6,14,Random,0,-1
BW,6,14,BFS,0,-1
BW,6,15,Ready,1,1598
BW,6,15,Random,0,-1
BW,6,15,BFS,0,-1
BW,7,1,Ready,1,510
BW,7,1,Random,0,-1
BW,7,1,BFS,0,-1
BW,7,2,Ready,1,702
BW,7,2,Random,0,-1
BW,7,2,BFS,0,-1
BW,7,3,Ready,1,894
BW,7,3,Random,0,-1
BW,7,3,BFS,0,-1
BW,7,4,Ready,1,1086
BW,7,4,Random,0,-1
BW,7,4,BFS,0,-1
BW,7,5,Ready,1,1278
BW,7,5,Random,0,-1
BW,7,5,BFS,0,-1
BW,7,6,Ready,1,1470
BW,7,6,Random,0,-1
BW,7,6,BFS,0,-1
BW,7,7,Ready,1,1662
BW,7,7,Random,0,-1
BW,7,7,BFS,0,-1
BW,7,8,Ready,1,1854
BW,7,8,Random,0,-1
BW,7,8,BFS,0,-1
BW,7,9,Ready,1,2046
BW,7,9,Random,0,-1
BW,7,9,BFS,0,-1
BW,7,10,Ready,1,2238
BW,7,10,Random,0,-1
BW,7,10,BFS,0,-1
BW,7,11,Ready,1,2430
BW,7,11,Random,0,-1
BW,7,11,BFS,0,-1
BW,7,12,Ready,0,-1
BW,7,12,Random,0,-1
BW,7,12,BFS,0,-1
BW,7,13,Ready,0,-1
BW,7,13,Random,0,-1
BW,7,13,BFS,0,-1
BW,7,14,Ready,0,-1
BW,7,14,Random,0,-1
BW,7,14,BFS,0,-1
BW,7,15,Ready,0,-1
BW,7,15,Random,0,-1
BW,7,15,BFS,0,-1
BW,8,1,Ready,1,1022
BW,8,1,Random,0,-1
BW,8,1,BFS,0,-1
BW,8,2,Ready,1,1406
BW,8,2,Random,0,-1
BW,8,2,BFS,0,-1
BW,8,3,Ready,1,1790
BW,8,3,Random,0,-1
BW,8,3,BFS,0,-1
BW,8,4,Ready,1,2174
BW,8,4,Random,0,-1
BW,8,4,BFS,0,-1
BW,8,5,Ready,0,-1
BW,8,5,Random,0,-1
BW,8,5,BFS,0,-1
BW,8,6,Ready,0,-1
BW,8,6,Random,0,-1
BW,8,6,BFS,0,-1
BW,8,7,Ready,0,-1
BW,8,7,Random,0,-1
BW,8,7,BFS,0,-1
BW,8,8,Ready,0,-1
BW,8,8,Random,0,-1
BW,8,8,BFS,0,-1
BW,8,9,Ready,0,-1
BW,8,9,Random,0,-1
BW,8,9,BFS,0,-1
BW,8,10,Ready,0,-1
BW,8,10,Random,0,-1
BW,8,10,BFS,0,-1
BW,8,11,Ready,0,-1
BW,8,11,Random,0,-1
BW,8,11,BFS,0,-1
BW,8,12,Ready,0,-1
BW,8,12,Random,0,-1
BW,8,12,BFS,0,-1
BW,8,13,Ready,0,-1
BW,8,13,Random,0,-1
BW,8,13,BFS,0,-1
BW,8,14,Ready,0,-1
BW,8,14,Random,0,-1
BW,8,14,BFS,0,-1
BW,8,15,Ready,0,-1
BW,8,15,Random,0,-1
BW,8,15,BFS,0,-1
BW,9,1,Ready,1,2046
BW,9,1,Random,0,-1
BW,9,1,BFS,0,-1
BW,9,2,Ready,0,-1
BW,9,2,Random,0,-1
BW,9,2,BFS,0,-1
BW,9,3,Ready,0,-1
BW,9,3,Random,0,-1
BW,9,3,BFS,0,-1
BW,9,4,Ready,0,-1
BW,9,4,Random,0,-1
BW,9,4,BFS,0,-1
BW,9,5,Ready,0,-1
BW,9,5,Random,0,-1
BW,9,5,BFS,0,-1
BW,9,6,Ready,0,-1
BW,9,6,Random,0,-1
BW,9,6,BFS,0,-1
BW,9,7,Ready,0,-1
BW,9,7,Random,0,-1
BW,9,7,BFS,0,-1
BW,9,8,Ready,0,-1
BW,9,8,Random,0,-1
BW,9,8,BFS,0,-1
BW,9,9,Ready,0,-1
BW,9,9,Random,0,-1
BW,9,9,BFS,0,-1
BW,9,10,Ready,0,-1
BW,9,10,Random,0,-1
BW,9,10,BFS,0,-1
BW,9,11,Ready,0,-1
BW,9,11,Random,0,-1
BW,9,11,BFS,0,-1
BW,9,12,Ready,0,-1
BW,9,12,Random,0,-1
BW,9,12,BFS,0,-1
BW,9,13,Ready,0,-1
BW,9,13,Random,0,-1
BW,9,13,BFS,0,-1
BW,9,14,Ready,0,-1
BW,9,14,Random,0,-1
BW,9,14,BFS,0,-1
BW,9,15,Ready,0,-1
BW,9,15,Random,0,-1
BW,9,15,BFS,0,-1
BW,10,1,Ready,0,-1
BW,10,1,Random,0,-1
BW,10,1,BFS,0,-1
BW,10,2,Ready,0,-1
BW,10,2,Random,0,-1
BW,10,2,BFS,0,-1
BW,10,3,Ready,0,-1
BW,10,3,Random,0,-1
BW,10,3,BFS,0,-1
BW,10,4,Ready,0,-1
BW,10,4,Random,0,-1
BW,10,4,BFS,0,-1
BW,10,5,Ready,0,-1
BW,10,5,Random,0,-1
BW,10,5,BFS,0,-1
BW,10,6,Ready,0,-1
BW,10,6,Random,0,-1
BW,10,6,BFS,0,-1
BW,10,7,Ready,0,-1
BW,10,7,Random,0,-1
BW,10,7,BFS,0,-1
BW,10,8,Ready,0,-1
BW,10,8,Random,0,-1
BW,10,8,BFS,0,-1
BW,10,9,Ready,0,-1
BW,10,9,Random,0,-1
BW,10,9,BFS,0,-1
BW,10,10,Ready,0,-1
BW,10,10,Random,0,-1
BW,10,10,BFS,0,-1
BW,10,11,Ready,0,-1
BW,10,11,Random,0,-1
BW,10,11,BFS,0,-1
BW,10,12,Ready,0,-1
BW,10,12,Random,0,-1
BW,10,12,BFS,0,-1
BW,10,13,Ready,0,-1
BW,10,13,Random,0,-1
BW,10,13,BFS,0,-1
BW,10,14,Ready,0,-1
BW,10,14,Random,0,-1
BW,10,14,BFS,0,-1
BW,10,15,Ready,0,-1
BW,10,15,Random,0,-1
BW,10,15,BFS,0,-1
BW,11,1,Ready,0,-1
BW,11,1,Random,0,-1
BW,11,1,BFS,0,-1
BW,11,2,Ready,0,-1
BW,11,2,Random,0,-1
BW,11,2,BFS,0,-1
BW,11,3,Ready,0,-1
BW,11,3,Random,0,-1
BW,11,3,BFS,0,-1
BW,11,4,Ready,0,-1
BW,11,4,Random,0,-1
BW,11,4,BFS,0,-1
BW,11,5,Ready,0,-1
BW,11,5,Random,0,-1
BW,11,5,BFS,0,-1
BW,11,6,Ready,0,-1
BW,11,6,Random,0,-1
BW,11,6,BFS,0,-1
BW,11,7,Ready,0,-1
BW,11,7,Random,0,-1
BW,11,7,BFS,0,-1
BW,11,8,Ready,0,-1
BW,11,8,Random,0,-1
BW,11,8,BFS,0,-1
BW,11,9,Ready,0,-1
BW,11,9,Random,0,-1
BW,11,9,BFS,0,-1
BW,11,10,Ready,0,-1
BW,11,10,Random,0,-1
BW,11,10,BFS,0,-1
BW,11,11,Ready,0,-1
BW,11,11,Random,0,-1
BW,11,11,BFS,0,-1
BW,11,12,Ready,0,-1
BW,11,12,Random,0,-1
BW,11,12,BFS,0,-1
BW,11,13,Ready,0,-1
BW,11,13,Random,0,-1
BW,11,13,BFS,0,-1
BW,11,14,Ready,0,-1
BW,11,14,Random,0,-1
BW,11,14,BFS,0,-1
BW,11,15,Ready,0,-1
BW,11,15,Random,0,-1
BW,11,15,BFS,0,-1
BW,12,1,Ready,0,-1
BW,12,1,Random,0,-1
BW,12,1,BFS,0,-1
BW,12,2,Ready,0,-1
BW,12,2,Random,0,-1
BW,12,2,BFS,0,-1
BW,12,3,Ready,0,-1
BW,12,3,Random,0,-1
BW,12,3,BFS,0,-1
BW,12,4,Ready,0,-1
BW,12,4,Random,0,-1
BW,12,4,BFS,0,-1
BW,12,5,Ready,0,-1
BW,12,5,Random,0,-1
BW,12,5,BFS,0,-1
BW,12,6,Ready,0,-1
BW,12,6,Random,0,-1
BW,12,6,BFS,0,-1
BW,12,7,Ready,0,-1
BW,12,7,Random,0,-1
BW,12,7,BFS,0,-1
BW,12,8,Ready,0,-1
BW,12,8,Random,0,-1
BW,12,8,BFS,0,-1
BW,12,9,Ready,0,-1
BW,12,9,Random,0,-1
BW,12,9,BFS,0,-1
BW,12,10,Ready,0,-1
BW,12,10,Random,0,-1
BW,12,10,BFS,0,-1
BW,12,11,Ready,0,-1
BW,12,11,Random,0,-1
BW,12,11,BFS,0,-1
BW,12,12,Ready,0,-1
BW,12,12,Random,0,-1
BW,12,12,BFS,0,-1
BW,12,13,Ready,0,-1
BW,12,13,Random,0,-1
BW,12,13,BFS,0,-1
BW,12,14,Ready,0,-1
BW,12,14,Random,0,-1
BW,12,14,BFS,0,-1
BW,12,15,Ready,0,-1
BW,12,15,Random,0,-1
BW,12,15,BFS,0,-1
BW,13,1,Ready,0,-1
BW,13,1,Random,0,-1
BW,13,1,BFS,0,-1
BW,13,2,Ready,0,-1
BW,13,2,Random,0,-1
BW,13,2,BFS,0,-1
BW,13,3,Ready,0,-1
BW,13,3,Random,0,-1
BW,13,3,BFS,0,-1
BW,13,4,Ready,0,-1
BW,13,4,Random,0,-1
BW,13,4,BFS,0,-1
BW,13,5,Ready,0,-1
BW,13,5,Random,0,-1
BW,13,5,BFS,0,-1
BW,13,6,Ready,0,-1
BW,13,6,Random,0,-1
BW,13,6,BFS,0,-1
BW,13,7,Ready,0,-1
BW,13,7,Random,0,-1
BW,13,7,BFS,0,-1
BW,13,8,Ready,0,-1
BW,13,8,Random,0,-1
BW,13,8,BFS,0,-1
BW,13,9,Ready,0,-1
BW,13,9,Random,0,-1
BW,13,9,BFS,0,-1
BW,13,10,Ready,0,-1
BW,13,10,Random,0,-1
BW,13,10,BFS,0,-1
BW,13,11,Ready,0,-1
BW,13,11,Random,0,-1
BW,13,11,BFS,0,-1
BW,13,12,Ready,0,-1
BW,13,12,Random,0,-1
BW,13,12,BFS,0,-1
BW,13,13,Ready,0,-1
BW,13,13,Random,0,-1
BW,13,13,BFS,0,-1
BW,13,14,Ready,0,-1
BW,13,14,Random,0,-1
BW,13,14,BFS,0,-1
BW,13,15,Ready,0,-1
BW,13,15,Random,0,-1
BW,13,15,BFS,0,-1
BW,14,1,Ready,0,-1
BW,14,1,Random,0,-1
BW,14,1,BFS,0,-1
BW,14,2,Ready,0,-1
BW,14,2,Random,0,-1
BW,14,2,BFS,0,-1
BW,14,3,Ready,0,-1
BW,14,3,Random,0,-1
BW,14,3,BFS,0,-1
BW,14,4,Ready,0,-1
BW,14,4,Random,0,-1
BW,14,4,BFS,0,-1
BW,14,5,Ready,0,-1
BW,14,5,Random,0,-1
BW,14,5,BFS,0,-1
BW,14,6,Ready,0,-1
BW,14,6,Random,0,-1
BW,14,6,BFS,0,-1
BW,14,7,Ready,0,-1
BW,14,7,Random,0,-1
BW,14,7,BFS,0,-1
BW,14,8,Ready,0,-1
BW,14,8,Random,0,-1
BW,14,8,BFS,0,-1
BW,14,9,Ready,0,-1
BW,14,9,Random,0,-1
BW,14,9,BFS,0,-1
BW,14,10,Ready,0,-1
BW,14,10,Random,0,-1
BW,14,10,BFS,0,-1
BW,14,11,Ready,0,-1
BW,14,11,Random,0,-1
BW,14,11,BFS,0,-1
BW,14,12,Ready,0,-1
BW,14,12,Random,0,-1
BW,14,12,BFS,0,-1
BW,14,13,Ready,0,-1
BW,14,13,Random,0,-1
BW,14,13,BFS,0,-1
BW,14,14,Ready,0,-1
BW,14,14,Random,0,-1
BW,14,14,BFS,0,-1
BW,14,15,Ready,0,-1
BW,14,15,Random,0,-1
BW,14,15,BFS,0,-1
BW,15,1,Ready,0,-1
BW,15,1,Random,0,-1
BW,15,1,BFS,0,-1
BW,15,2,Ready,0,-1
BW,15,2,Random,0,-1
BW,15,2,BFS,0,-1
BW,15,3,Ready,0,-1
BW,15,3,Random,0,-1
BW,15,3,BFS,0,-1
BW,15,4,Ready,0,-1
BW,15,4,Random,0,-1
BW,15,4,BFS,0,-1
BW,15,5,Ready,0,-1
BW,15,5,Random,0,-1
BW,15,5,BFS,0,-1
BW,15,6,Ready,0,-1
BW,15,6,Random,0,-1
BW,15,6,BFS,0,-1
BW,15,7,Ready,0,-1
BW,15,7,Random,0,-1
BW,15,7,BFS,0,-1
BW,15,8,Ready,0,-1
BW,15,8,Random,0,-1
BW,15,8,BFS,0,-1
BW,15,9,Ready,0,-1
BW,15,9,Random,0,-1
BW,15,9,BFS,0,-1
BW,15,10,Ready,0,-1
BW,15,10,Random,0,-1
BW,15,10,BFS,0,-1
BW,15,11,Ready,0,-1
BW,15,11,Random,0,-1
BW,15,11,BFS,0,-1
BW,15,12,Ready,0,-1
BW,15,12,Random,0,-1
BW,15,12,BFS,0,-1
BW,15,13,Ready,0,-1
BW,15,13,Random,0,-1
BW,15,13,BFS,0,-1
BW,15,14,Ready,0,-1
BW,15,14,Random,0,-1
BW,15,14,BFS,0,-1
BW,15,15,Ready,0,-1
BW,15,15,Random,0,-1
BW,15,15,BFS,0,-1
DP,1,1,Ready,1,3
DP,1,1,Random,1,3
DP,1,1,BFS,1,3
DP,1,2,Ready,1,4
DP,1,2,Random,1,4
DP,1,2,BFS,1,4
DP,1,3,Ready,1,5
DP,1,3,Random,1,5
DP,1,3,BFS,1,5
DP,1,4,Ready,1,6
DP,1,4,Random,1,6
DP,1,4,BFS,1,6
DP,1,5,Ready,1,7
DP,1,5,Random,1,7
DP,1,5,BFS,1,7
DP,1,6,Ready,1,8
DP,1,6,Random,1,8
DP,1,6,BFS,1,8
DP,1,7,Ready,1,9
DP,1,7,Random,1,9
DP,1,7,BFS,1,9
DP,1,8,Ready,1,10
DP,1,8,Random,1,10
DP,1,8,BFS,1,10
DP,1,9,Ready,1,11
DP,1,9,Random,1,11
DP,1,9,BFS,1,11
DP,1,10,Ready,1,12
DP,1,10,Random,1,12
DP,1,10,BFS,1,12
DP,1,11,Ready,1,13
DP,1,11,Random,1,13
DP,1,11,BFS,1,13
DP,1,12,Ready,1,14
DP,1,12,Random,1,14
DP,1,12,BFS,1,14
DP,1,13,Ready,1,15
DP,1,13,Random,1,15
DP,1,13,BFS,1,15
DP,1,14,Ready,1,16
DP,1,14,Random,1,16
DP,1,14,BFS,1,16
DP,1,15,Ready,1,17
DP,1,15,Random,1,17
DP,1,15,BFS,1,17
DP,2,1,Ready,1,27
DP,2,1,Random,1,289
DP,2,1,BFS,1,171
DP,2,2,Ready,1,29
DP,2,2,Random,1,195
DP,2,2,BFS,1,220
DP,2,3,Ready,1,31
DP,2,3,Random,1,246
DP,2,3,BFS,1,278
DP,2,4,Ready,1,33
DP,2,4,Random,1,277
DP,2,4,BFS,1,332
DP,2,5,Ready,1,35
DP,2,5,Random,1,353
DP,2,5,BFS,1,435
DP,2,6,Ready,1,37
DP,2,6,Random,1,434
DP,2,6,BFS,1,493
DP,2,7,Ready,1,39
DP,2,7,Random,1,894
DP,2,7,BFS,1,592
DP,2,8,Ready,1,41
DP,2,8,Random,1,897
DP,2,8,BFS,1,697
DP,2,9,Ready,1,43
DP,2,9,Random,1,760
DP,2,9,BFS,1,806
DP,2,10,Ready,1,45
DP,2,10,Random,1,573
DP,2,10,BFS,1,910
DP,2,11,Ready,1,47
DP,2,11,Random,1,647
DP,2,11,BFS,1,1027
DP,2,12,Ready,1,49
DP,2,12,Random,1,883
DP,2,12,BFS,1,1130
DP,2,13,Ready,1,51
DP,2,13,Random,1,1467
DP,2,13,BFS,1,1257
DP,2,14,Ready,1,53
DP,2,14,Random,1,953
DP,2,14,BFS,1,1428
DP,2,15,Ready,1,55
DP,2,15,Random,1,1704
DP,2,15,BFS,1,1568
DP,3,1,Ready,1,58
DP,3,1,Random,0,-1
DP,3,1,BFS,1,2305
DP,3,2,Ready,1,60
DP,3,2,Random,0,-1
DP,3,2,BFS,0,-1
DP,3,3,Ready,1,65
DP,3,3,Random,0,-1
DP,3,3,BFS,0,-1
DP,3,4,Ready,1,70
DP,3,4,Random,0,-1
DP,3,4,BFS,0,-1
DP,3,5,Ready,1,75
DP,3,5,Random,0,-1
DP,3,5,BFS,0,-1
DP,3,6,Ready,1,80
DP,3,6,Random,0,-1
DP,3,6,BFS,0,-1
DP,3,7,Ready,1,85
DP,3,7,Random,0,-1
DP,3,7,BFS,0,-1
DP,3,8,Ready,1,90
DP,3,8,Random,0,-1
DP,3,8,BFS,0,-1
DP,3,9,Ready,1,95
DP,3,9,Random,0,-1
DP,3,9,BFS,0,-1
DP,3,10,Ready,1,100
DP,3,10,Random,0,-1
DP,3,10,BFS,0,-1
DP,3,11,Ready,1,105
DP,3,11,Random,0,-1
DP,3,11,BFS,0,-1
DP,3,12,Ready,1,110
DP,3,12,Random,0,-1
DP,3,12,BFS,0,-1
DP,3,13,Ready,1,115
DP,3,13,Random,0,-1
DP,3,13,BFS,0,-1
DP,3,14,Ready,1,120
DP,3,14,Random,0,-1
DP,3,14,BFS,0,-1
DP,3,15,Ready,1,125
DP,3,15,Random,0,-1
DP,3,15,BFS,0,-1
DP,4,1,Ready,1,82
DP,4,1,Random,0,-1
DP,4,1,BFS,0,-1
DP,4,2,Ready,1,88
DP,4,2,Random,0,-1
DP,4,2,BFS,0,-1
DP,4,3,Ready,1,94
DP,4,3,Random,0,-1
DP,4,3,BFS,0,-1
DP,4,4,Ready,1,100
DP,4,4,Random,0,-1
DP,4,4,BFS,0,-1
DP,4,5,Ready,1,106
DP,4,5,Random,0,-1
DP,4,5,BFS,0,-1
DP,4,6,Ready,1,112
DP,4,6,Random,0,-1
DP,4,6,BFS,0,-1
DP,4,7,Ready,1,118
DP,4,7,Random,0,-1
DP,4,7,BFS,0,-1
DP,4,8,Ready,1,124
DP,4,8,Random,0,-1
DP,4,8,BFS,0,-1
DP,4,9,Ready,1,130
DP,4,9,Random,0,-1
DP,4,9,BFS,0,-1
DP,4,10,Ready,1,136
DP,4,10,Random,0,-1
DP,4,10,BFS,0,-1
DP,4,11,Ready,1,142
DP,4,11,Random,0,-1
DP,4,11,BFS,0,-1
DP,4,12,Ready,1,148
DP,4,12,Random,0,-1
DP,4,12,BFS,0,-1
DP,4,13,Ready,1,154
DP,4,13,Random,0,-1
DP,4,13,BFS,0,-1
DP,4,14,Ready,1,160
DP,4,14,Random,0,-1
DP,4,14,BFS,0,-1
DP,4,15,Ready,1,166
DP,4,15,Random,0,-1
DP,4,15,BFS,0,-1
DP,5,1,Ready,1,144
DP,5,1,Random,0,-1
DP,5,1,BFS,0,-1
DP,5,2,Ready,1,152
DP,5,2,Random,0,-1
DP,5,2,BFS,0,-1
DP,5,3,Ready,1,160
DP,5,3,Random,0,-1
DP,5,3,BFS,0,-1
DP,5,4,Ready,1,168
DP,5,4,Random,0,-1
DP,5,4,BFS,0,-1
DP,5,5,Ready,1,176
DP,5,5,Random,0,-1
DP,5,5,BFS,0,-1
DP,5,6,Ready,1,184
DP,5,6,Random,0,-1
DP,5,6,BFS,0,-1
DP,5,7,Ready,1,192
DP,5,7,Random,0,-1
DP,5,7,BFS,0,-1
DP,5,8,Ready,1,200
DP,5,8,Random,0,-1
DP,5,8,BFS,0,-1
DP,5,9,Ready,1,208
DP,5,9,Random,0,-1
DP,5,9,BFS,0,-1
DP,5,10,Ready,1,216
DP,5,10,Random,0,-1
DP,5,10,BFS,0,-1
DP,5,11,Ready,1,224
DP,5,11,Random,0,-1
DP,5,11,BFS,0,-1
DP,5,12,Ready,1,232
DP,5,12,Random,0,-1
DP,5,12,BFS,0,-1
DP,5,13,Ready,1,240
DP,5,13,Random,0,-1
DP,5,13,BFS,0,-1
DP,5,14,Ready,1,248
DP,5,14,Random,0,-1
DP,5,14,BFS,0,-1
DP,5,15,Ready,1,256
DP,5,15,Random,0,-1
DP,5,15,BFS,0,-1
DP,6,1,Ready,1,270
DP,6,1,Random,0,-1
DP,6,1,BFS,0,-1
DP,6,2,Ready,1,280
DP,6,2,Random,0,-1
DP,6,2,BFS,0,-1
DP,6,3,Ready,1,290
DP,6,3,Random,0,-1
DP,6,3,BFS,0,-1
DP,6,4,Ready,1,300
DP,6,4,Random,0,-1
DP,6,4,BFS,0,-1
DP,6,5,Ready,1,310
DP,6,5,Random,0,-1
DP,6,5,BFS,0,-1
DP,6,6,Ready,1,320
DP,6,6,Random,0,-1
DP,6,6,BFS,0,-1
DP,6,7,Ready,1,330
DP,6,7,Random,0,-1
DP,6,7,BFS,0,-1
DP,6,8,Ready,1,340
DP,6,8,Random,0,-1
DP,6,8,BFS,0,-1
DP,6,9,Ready,1,350
DP,6,9,Random,0,-1
DP,6,9,BFS,0,-1
DP,6,10,Ready,1,360
DP,6,10,Random,0,-1
DP,6,10,BFS,0,-1
DP,6,11,Ready,1,370
DP,6,11,Random,0,-1
DP,6,11,BFS,0,-1
DP,6,12,Ready,1,380
DP,6,12,Random,0,-1
DP,6,12,BFS,0,-1
DP,6,13,Ready,1,390
DP,6,13,Random,0,-1
DP,6,13,BFS,0,-1
DP,6,14,Ready,1,400
DP,6,14,Random,0,-1
DP,6,14,BFS,0,-1
DP,6,15,Ready,1,410
DP,6,15,Random,0,-1
DP,6,15,BFS,0,-1
DP,7,1,Ready,1,540
DP,7,1,Random,0,-1
DP,7,1,BFS,0,-1
DP,7,2,Ready,1,552
DP,7,2,Random,0,-1
DP,7,2,BFS,0,-1
DP,7,3,Ready,1,564
DP,7,3,Random,0,-1
DP,7,3,BFS,0,-1
DP,7,4,Ready,1,576
DP,7,4,Random,0,-1
DP,7,4,BFS,0,-1
DP,7,5,Ready,1,588
DP,7,5,Random,0,-1
DP,7,5,BFS,0,-1
DP,7,6,Ready,1,600
DP,7,6,Random,0,-1
DP,7,6,BFS,0,-1
DP,7,7,Ready,1,612
DP,7,7,Random,0,-1
DP,7,7,BFS,0,-1
DP,7,8,Ready,1,624
DP,7,8,Random,0,-1
DP,7,8,BFS,0,-1
DP,7,9,Ready,1,636
DP,7,9,Random,0,-1
DP,7,9,BFS,0,-1
DP,7,10,Ready,1,648
DP,7,10,Random,0,-1
DP,7,10,BFS,0,-1
DP,7,11,Ready,1,660
DP,7,11,Random,0,-1
DP,7,11,BFS,0,-1
DP,7,12,Ready,1,672
DP,7,12,Random,0,-1
DP,7,12,BFS,0,-1
DP,7,13,Ready,1,684
DP,7,13,Random,0,-1
DP,7,13,BFS,0,-1
DP,7,14,Ready,1,696
DP,7,14,Random,0,-1
DP,7,14,BFS,0,-1
DP,7,15,Ready,1,708
DP,7,15,Random,0,-1
DP,7,15,BFS,0,-1
DP,8,1,Ready,1,1130
DP,8,1,Random,0,-1
DP,8,1,BFS,0,-1
DP,8,2,Ready,1,1144
DP,8,2,Random,0,-1
DP,8,2,BFS,0,-1
DP,8,3,Ready,1,1158
DP,8,3,Random,0,-1
DP,8,3,BFS,0,-1
DP,8,4,Ready,1,1172
DP,8,4,Random,0,-1
DP,8,4,BFS,0,-1
DP,8,5,Ready,1,1186
DP,8,5,Random,0,-1
DP,8,5,BFS,0,-1
DP,8,6,Ready,1,1200
DP,8,6,Random,0,-1
DP,8,6,BFS,0,-1
DP,8,7,Ready,1,1214
DP,8,7,Random,0,-1
DP,8,7,BFS,0,-1
DP,8,8,Ready,1,1228
DP,8,8,Random,0,-1
DP,8,8,BFS,0,-1
DP,8,9,Ready,1,1242
DP,8,9,Random,0,-1
DP,8,9,BFS,0,-1
DP,8,10,Ready,1,1256
DP,8,10,Random,0,-1
DP,8,10,BFS,0,-1
DP,8,11,Ready,1,1270
DP,8,11,Random,0,-1
DP,8,11,BFS,0,-1
DP,8,12,Ready,1,1284
DP,8,12,Random,0,-1
DP,8,12,BFS,0,-1
DP,8,13,Ready,1,1298
DP,8,13,Random,0,-1
DP,8,13,BFS,0,-1
DP,8,14,Ready,1,1312
DP,8,14,Random,0,-1
DP,8,14,BFS,0,-1
DP,8,15,Ready,1,1326
DP,8,15,Random,0,-1
DP,8,15,BFS,0,-1
DP,9,1,Ready,1,2424
DP,9,1,Random,0,-1
DP,9,1,BFS,0,-1
DP,9,2,Ready,1,2440
DP,9,2,Random,0,-1
DP,9,2,BFS,0,-1
DP,9,3,Ready,1,2456
DP,9,3,Random,0,-1
DP,9,3,BFS,0,-1
DP,9,4,Ready,1,2472
DP,9,4,Random,0,-1
DP,9,4,BFS,0,-1
DP,9,5,Ready,1,2488
DP,9,5,Random,0,-1
DP,9,5,BFS,0,-1
DP,9,6,Ready,0,-1
DP,9,6,Random,0,-1
DP,9,6,BFS,0,-1
DP,9,7,Ready,0,-1
DP,9,7,Random,0,-1
DP,9,7,BFS,0,-1
DP,9,8,Ready,0,-1
DP,9,8,Random,0,-1
DP,9,8,BFS,0,-1
DP,9,9,Ready,0,-1
DP,9,9,Random,0,-1
DP,9,9,BFS,0,-1
DP,9,10,Ready,0,-1
DP,9,10,Random,0,-1
DP,9,10,BFS,0,-1
DP,9,11,Ready,0,-1
DP,9,11,Random,0,-1
DP,9,11,BFS,0,-1
DP,9,12,Ready,0,-1
DP,9,12,Random,0,-1
DP,9,12,BFS,0,-1
DP,9,13,Ready,0,-1
DP,9,13,Random,0,-1
DP,9,13,BFS,0,-1
DP,9,14,Ready,0,-1
DP,9,14,Random,0,-1
DP,9,14,BFS,0,-1
DP,9,15,Ready,0,-1
DP,9,15,Random,0,-1
DP,9,15,BFS,0,-1
DP,10,1,Ready,0,-1
DP,10,1,Random,0,-1
DP,10,1,BFS,0,-1
DP,10,2,Ready,0,-1
DP,10,2,Random,0,-1
DP,10,2,BFS,0,-1
DP,10,3,Ready,0,-1
DP,10,3,Random,0,-1
DP,10,3,BFS,0,-1
DP,10,4,Ready,0,-1
DP,10,4,Random,0,-1
DP,10,4,BFS,0,-1
DP,10,5,Ready,0,-1
DP,10,5,Random,0,-1
DP,10,5,BFS,0,-1
DP,10,6,Ready,0,-1
DP,10,6,Random,0,-1
DP,10,6,BFS,0,-1
DP,10,7,Ready,0,-1
DP,10,7,Random,0,-1
DP,10,7,BFS,0,-1
DP,10,8,Ready,0,-1
DP,10,8,Random,0,-1
DP,10,8,BFS,0,-1
DP,10,9,Ready,0,-1
DP,10,9,Random,0,-1
DP,10,9,BFS,0,-1
DP,10,10,Ready,0,-1
DP,10,10,Random,0,-1
DP,10,10,BFS,0,-1
DP,10,11,Ready,0,-1
DP,10,11,Random,0,-1
DP,10,11,BFS,0,-1
DP,10,12,Ready,0,-1
DP,10,12,Random,0,-1
DP,10,12,BFS,0,-1
DP,10,13,Ready,0,-1
DP,10,13,Random,0,-1
DP,10,13,BFS,0,-1
DP,10,14,Ready,0,-1
DP,10,14,Random,0,-1
DP,10,14,BFS,0,-1
DP,10,15,Ready,0,-1
DP,10,15,Random,0,-1
DP,10,15,BFS,0,-1
DP,11,1,Ready,0,-1
DP,11,1,Random,0,-1
DP,11,1,BFS,0,-1
DP,11,2,Ready,0,-1
DP,11,2,Random,0,-1
DP,11,2,BFS,0,-1
DP,11,3,Ready,0,-1
DP,11,3,Random,0,-1
DP,11,3,BFS,0,-1
DP,11,4,Ready,0,-1
DP,11,4,Random,0,-1
DP,11,4,BFS,0,-1
DP,11,5,Ready,0,-1
DP,11,5,Random,0,-1
DP,11,5,BFS,0,-1
DP,11,6,Ready,0,-1
DP,11,6,Random,0,-1
DP,11,6,BFS,0,-1
DP,11,7,Ready,0,-1
DP,11,7,Random,0,-1
DP,11,7,BFS,0,-1
DP,11,8,Ready,0,-1
DP,11,8,Random,0,-1
DP,11,8,BFS,0,-1
DP,11,9,Ready,0,-1
DP,11,9,Random,0,-1
DP,11,9,BFS,0,-1
DP,11,10,Ready,0,-1
DP,11,10,Random,0,-1
DP,11,10,BFS,0,-1
DP,11,11,Ready,0,-1
DP,11,11,Random,0,-1
DP,11,11,BFS,0,-1
DP,11,12,Ready,0,-1
DP,11,12,Random,0,-1
DP,11,12,BFS,0,-1
DP,11,13,Ready,0,-1
DP,11,13,Random,0,-1
DP,11,13,BFS,0,-1
DP,11,14,Ready,0,-1
DP,11,14,Random,0,-1
DP,11,14,BFS,0,-1
DP,11,15,Ready,0,-1
DP,11,15,Random,0,-1
DP,11,15,BFS,0,-1
DP,12,1,Ready,0,-1
DP,12,1,Random,0,-1
DP,12,1,BFS,0,-1
DP,12,2,Ready,0,-1
DP,12,2,Random,0,-1
DP,12,2,BFS,0,-1
DP,12,3,Ready,0,-1
DP,12,3,Random,0,-1
DP,12,3,BFS,0,-1
DP,12,4,Ready,0,-1
DP,12,4,Random,0,-1
DP,12,4,BFS,0,-1
DP,12,5,Ready,0,-1
DP,12,5,Random,0,-1
DP,12,5,BFS,0,-1
DP,12,6,Ready,0,-1
DP,12,6,Random,0,-1
DP,12,6,BFS,0,-1
DP,12,7,Ready,0,-1
DP,12,7,Random,0,-1
DP,12,7,BFS,0,-1
DP,12,8,Ready,0,-1
DP,12,8,Random,0,-1
DP,12,8,BFS,0,-1
DP,12,9,Ready,0,-1
DP,12,9,Random,0,-1
DP,12,9,BFS,0,-1
DP,12,10,Ready,0,-1
DP,12,10,Random,0,-1
DP,12,10,BFS,0,-1
DP,12,11,Ready,0,-1
DP,12,11,Random,0,-1
DP,12,11,BFS,0,-1
DP,12,12,Ready,0,-1
DP,12,12,Random,0,-1
DP,12,12,BFS,0,-1
DP,12,13,Ready,0,-1
DP,12,13,Random,0,-1
DP,12,13,BFS,0,-1
DP,12,14,Ready,0,-1
DP,12,14,Random,0,-1
DP,12,14,BFS,0,-1
DP,12,15,Ready,0,-1
DP,12,15,Random,0,-1
DP,12,15,BFS,0,-1
DP,13,1,Ready,0,-1
DP,13,1,Random,0,-1
DP,13,1,BFS,0,-1
DP,13,2,Ready,0,-1
DP,13,2,Random,0,-1
DP,13,2,BFS,0,-1
DP,13,3,Ready,0,-1
DP,13,3,Random,0,-1
DP,13,3,BFS,0,-1
DP,13,4,Ready,0,-1
DP,13,4,Random,0,-1
DP,13,4,BFS,0,-1
DP,13,5,Ready,0,-1
DP,13,5,Random,0,-1
DP,13,5,BFS,0,-1
DP,13,6,Ready,0,-1
DP,13,6,Random,0,-1
DP,13,6,BFS,0,-1
DP,13,7,Ready,0,-1
DP,13,7,Random,0,-1
DP,13,7,BFS,0,-1
DP,13,8,Ready,0,-1
DP,13,8,Random,0,-1
DP,13,8,BFS,0,-1
DP,13,9,Ready,0,-1
DP,13,9,Random,0,-1
DP,13,9,BFS,0,-1
DP,13,10,Ready,0,-1
DP,13,10,Random,0,-1
DP,13,10,BFS,0,-1
DP,13,11,Ready,0,-1
DP,13,11,Random,0,-1
DP,13,11,BFS,0,-1
DP,13,12,Ready,0,-1
DP,13,12,Random,0,-1
DP,13,12,BFS,0,-1
DP,13,13,Ready,0,-1
DP,13,13,Random,0,-1
DP,13,13,BFS,0,-1
DP,13,14,Ready,0,-1
DP,13,14,Random,0,-1
DP,13,14,BFS,0,-1
DP,13,15,Ready,0,-1
DP,13,15,Random,0,-1
DP,13,15,BFS,0,-1
DP,14,1,Ready,0,-1
DP,14,1,Random,0,-1
DP,14,1,BFS,0,-1
DP,14,2,Ready,0,-1
DP,14,2,Random,0,-1
DP,14,2,BFS,0,-1
DP,14,3,Ready,0,-1
DP,14,3,Random,0,-1
DP,14,3,BFS,0,-1
DP,14,4,Ready,0,-1
DP,14,4,Random,0,-1
DP,14,4,BFS,0,-1
DP,14,5,Ready,0,-1
DP,14,5,Random,0,-1
DP,14,5,BFS,0,-1
DP,14,6,Ready,0,-1
DP,14,6,Random,0,-1
DP,14,6,BFS,0,-1
DP,14,7,Ready,0,-1
DP,14,7,Random,0,-1
DP,14,7,BFS,0,-1
DP,14,8,Ready,0,-1
DP,14,8,Random,0,-1
DP,14,8,BFS,0,-1
DP,14,9,Ready,0,-1
DP,14,9,Random,0,-1
DP,14,9,BFS,0,-1
DP,14,10,Ready,0,-1
DP,14,10,Random,0,-1
DP,14,10,BFS,0,-1
DP,14,11,Ready,0,-1
DP,14,11,Random,0,-1
DP,14,11,BFS,0,-1
DP,14,12,Ready,0,-1
DP,14,12,Random,0,-1
DP,14,12,BFS,0,-1
DP,14,13,Ready,0,-1
DP,14,13,Random,0,-1
DP,14,13,BFS,0,-1
DP,14,14,Ready,0,-1
DP,14,14,Random,0,-1
DP,14,14,BFS,0,-1
DP,14,15,Ready,0,-1
DP,14,15,Random,0,-1
DP,14,15,BFS,0,-1
DP,15,1,Ready,0,-1
DP,15,1,Random,0,-1
DP,15,1,BFS,0,-1
DP,15,2,Ready,0,-1
DP,15,2,Random,0,-1
DP,15,2,BFS,0,-1
DP,15,3,Ready,0,-1
DP,15,3,Random,0,-1
DP,15,3,BFS,0,-1
DP,15,4,Ready,0,-1
DP,15,4,Random,0,-1
DP,15,4,BFS,0,-1
DP,15,5,Ready,0,-1
DP,15,5,Random,0,-1
DP,15,5,BFS,0,-1
DP,15,6,Ready,0,-1
DP,15,6,Random,0,-1
DP,15,6,BFS,0,-1
DP,15,7,Ready,0,-1
DP,15,7,Random,0,-1
DP,15,7,BFS,0,-1
DP,15,8,Ready,0,-1
DP,15,8,Random,0,-1
DP,15,8,BFS,0,-1
DP,15,9,Ready,0,-1
DP,15,9,Random,0,-1
DP,15,9,BFS,0,-1
DP,15,10,Ready,0,-1
DP,15,10,Random,0,-1
DP,15,10,BFS,0,-1
DP,15,11,Ready,0,-1
DP,15,11,Random,0,-1
DP,15,11,BFS,0,-1
DP,15,12,Ready,0,-1
DP,15,12,Random,0,-1
DP,15,12,BFS,0,-1
DP,15,13,Ready,0,-1
DP,15,13,Random,0,-1
DP,15,13,BFS,0,-1
DP,15,14,Ready,0,-1
DP,15,14,Random,0,-1
DP,15,14,BFS,0,-1
DP,15,15,Ready,0,-1
DP,15,15,Random,0,-1
DP,15,15,BFS,0,-1
TL,1,1,Ready,1,9
TL,1,1,Random,1,10
TL,1,1,BFS,1,12
TL,1,2,Ready,1,8
TL,1,2,Random,1,52
TL,1,2,BFS,1,16
TL,1,3,Ready,1,8
TL,1,3,Random,1,8
TL,1,3,BFS,1,19
TL,1,4,Ready,1,8
TL,1,4,Random,1,66
TL,1,4,BFS,1,20
TL,1,5,Ready,1,8
TL,1,5,Random,1,49
TL,1,5,BFS,1,20
TL,1,6,Ready,1,8
TL,1,6,Random,1,66
TL,1,6,BFS,1,20
TL,1,7,Ready,1,8
TL,1,7,Random,1,146
TL,1,7,BFS,1,20
TL,1,8,Ready,1,8
TL,1,8,Random,1,145
TL,1,8,BFS,1,20
TL,1,9,Ready,1,8
TL,1,9,Random,1,104
TL,1,9,BFS,1,20
TL,1,10,Ready,1,8
TL,1,10,Random,1,72
TL,1,10,BFS,1,20
TL,1,11,Ready,1,8
TL,1,11,Random,1,152
TL,1,11,BFS,1,20
TL,1,12,Ready,1,8
TL,1,12,Random,1,181
TL,1,12,BFS,1,20
TL,1,13,Ready,1,8
TL,1,13,Random,1,26
TL,1,13,BFS,1,20
TL,1,14,Ready,1,8
TL,1,14,Random,1,47
TL,1,14,BFS,1,20
TL,1,15,Ready,1,8
TL,1,15,Random,1,193
TL,1,15,BFS,1,20
TL,2,1,Ready,1,15
TL,2,1,Random,1,99
TL,2,1,BFS,1,32
TL,2,2,Ready,1,10
TL,2,2,Random,1,297
TL,2,2,BFS,1,56
TL,2,3,Ready,1,10
TL,2,3,Random,1,940
TL,2,3,BFS,1,65
TL,2,4,Ready,1,10
TL,2,4,Random,1,290
TL,2,4,BFS,1,70
TL,2,5,Ready,1,10
TL,2,5,Random,1,1323
TL,2,5,BFS,1,74
TL,2,6,Ready,1,10
TL,2,6,Random,1,614
TL,2,6,BFS,1,75
TL,2,7,Ready,1,10
TL,2,7,Random,1,757
TL,2,7,BFS,1,75
TL,2,8,Ready,1,10
TL,2,8,Random,1,298
TL,2,8,BFS,1,75
TL,2,9,Ready,1,10
TL,2,9,Random,1,1365
TL,2,9,BFS,1,75
TL,2,10,Ready,1,10
TL,2,10,Random,1,1284
TL,2,10,BFS,1,75
TL,2,11,Ready,1,10
TL,2,11,Random,1,1162
TL,2,11,BFS,1,75
TL,2,12,Ready,1,10
TL,2,12,Random,1,407
TL,2,12,BFS,1,75
TL,2,13,Ready,1,10
TL,2,13,Random,0,-1
TL,2,13,BFS,1,75
TL,2,14,Ready,1,10
TL,2,14,Random,0,-1
TL,2,14,BFS,1,75
TL,2,15,Ready,1,10
TL,2,15,Random,0,-1
TL,2,15,BFS,1,75
TL,3,1,Ready,1,17
TL,3,1,Random,1,169
TL,3,1,BFS,1,77
TL,3,2,Ready,1,12
TL,3,2,Random,1,2107
TL,3,2,BFS,1,148
TL,3,3,Ready,1,12
TL,3,3,Random,0,-1
TL,3,3,BFS,1,187
TL,3,4,Ready,1,12
TL,3,4,Random,0,-1
TL,3,4,BFS,1,205
TL,3,5,Ready,1,12
TL,3,5,Random,0,-1
TL,3,5,BFS,1,216
TL,3,6,Ready,1,12
TL,3,6,Random,0,-1
TL,3,6,BFS,1,222
TL,3,7,Ready,1,12
TL,3,7,Random,0,-1
TL,3,7,BFS,1,227
TL,3,8,Ready,1,12
TL,3,8,Random,0,-1
TL,3,8,BFS,1,228
TL,3,9,Ready,1,12
TL,3,9,Random,0,-1
TL,3,9,BFS,1,228
TL,3,10,Ready,1,12
TL,3,10,Random,0,-1
TL,3,10,BFS,1,228
TL,3,11,Ready,1,12
TL,3,11,Random,0,-1
TL,3,11,BFS,1,228
TL,3,12,Ready,1,12
TL,3,12,Random,0,-1
TL,3,12,BFS,1,228
TL,3,13,Ready,1,12
TL,3,13,Random,0,-1
TL,3,13,BFS,1,228
TL,3,14,Ready,1,12
TL,3,14,Random,0,-1
TL,3,14,BFS,1,228
TL,3,15,Ready,1,12
TL,3,15,Random,0,-1
TL,3,15,BFS,1,228
TL,4,1,Ready,1,30
TL,4,1,Random,1,581
TL,4,1,BFS,1,165
TL,4,2,Ready,1,14
TL,4,2,Random,0,-1
TL,4,2,BFS,1,350
TL,4,3,Ready,1,14
TL,4,3,Random,0,-1
TL,4,3,BFS,1,458
TL,4,4,Ready,1,14
TL,4,4,Random,0,-1
TL,4,4,BFS,1,519
TL,4,5,Ready,1,14
TL,4,5,Random,0,-1
TL,4,5,BFS,1,552
TL,4,6,Ready,1,14
TL,4,6,Random,0,-1
TL,4,6,BFS,1,573
TL,4,7,Ready,1,14
TL,4,7,Random,0,-1
TL,4,7,BFS,1,586
TL,4,8,Ready,1,14
TL,4,8,Random,0,-1
TL,4,8,BFS,1,593
TL,4,9,Ready,1,14
TL,4,9,Random,0,-1
TL,4,9,BFS,1,599
TL,4,10,Ready,1,14
TL,4,10,Random,0,-1
TL,4,10,BFS,1,600
TL,4,11,Ready,1,14
TL,4,11,Random,0,-1
TL,4,11,BFS,1,600
TL,4,12,Ready,1,14
TL,4,12,Random,0,-1
TL,4,12,BFS,1,600
TL,4,13,Ready,1,14
TL,4,13,Random,0,-1
TL,4,13,BFS,1,600
TL,4,14,Ready,1,14
TL,4,14,Random,0,-1
TL,4,14,BFS,1,600
TL,4,15,Ready,1,14
TL,4,15,Random,0,-1
TL,4,15,BFS,1,600
TL,5,1,Ready,1,32
TL,5,1,Random,1,1438
TL,5,1,BFS,1,326
TL,5,2,Ready,1,16
TL,5,2,Random,0,-1
TL,5,2,BFS,1,750
TL,5,3,Ready,1,16
TL,5,3,Random,0,-1
TL,5,3,BFS,1,1018
TL,5,4,Ready,1,16
TL,5,4,Random,0,-1
TL,5,4,BFS,1,1177
TL,5,5,Ready,1,16
TL,5,5,Random,0,-1
TL,5,5,BFS,1,1275
TL,5,6,Ready,1,16
TL,5,6,Random,0,-1
TL,5,6,BFS,1,1331
TL,5,7,Ready,1,16
TL,5,7,Random,0,-1
TL,5,7,BFS,1,1369
TL,5,8,Ready,1,16
TL,5,8,Random,0,-1
TL,5,8,BFS,1,1393
TL,5,9,Ready,1,16
TL,5,9,Random,0,-1
TL,5,9,BFS,1,1408
TL,5,10,Ready,1,16
TL,5,10,Random,0,-1
TL,5,10,BFS,1,1416
TL,5,11,Ready,1,16
TL,5,11,Random,0,-1
TL,5,11,BFS,1,1423
TL,5,12,Ready,1,16
TL,5,12,Random,0,-1
TL,5,12,BFS,1,1424
TL,5,13,Ready,1,16
TL,5,13,Random,0,-1
TL,5,13,BFS,1,1424
TL,5,14,Ready,1,16
TL,5,14,Random,0,-1
TL,5,14,BFS,1,1424
TL,5,15,Ready,1,16
TL,5,15,Random,0,-1
TL,5,15,BFS,1,1424
TL,6,1,Ready,1,62
TL,6,1,Random,1,2024
TL,6,1,BFS,1,732
TL,6,2,Ready,1,18
TL,6,2,Random,0,-1
TL,6,2,BFS,1,2066
TL,6,3,Ready,1,18
TL,6,3,Random,0,-1
TL,6,3,BFS,0,-1
TL,6,4,Ready,1,18
TL,6,4,Random,0,-1
TL,6,4,BFS,0,-1
TL,6,5,Ready,1,18
TL,6,5,Random,0,-1
TL,6,5,BFS,0,-1
TL,6,6,Ready,1,18
TL,6,6,Random,0,-1
TL,6,6,BFS,0,-1
TL,6,7,Ready,1,18
TL,6,7,Random,0,-1
TL,6,7,BFS,0,-1
TL,6,8,Ready,1,18
TL,6,8,Random,0,-1
TL,6,8,BFS,0,-1
TL,6,9,Ready,1,18
TL,6,9,Random,0,-1
TL,6,9,BFS,0,-1
TL,6,10,Ready,1,18
TL,6,10,Random,0,-1
TL,6,10,BFS,0,-1
TL,6,11,Ready,1,18
TL,6,11,Random,0,-1
TL,6,11,BFS,0,-1
TL,6,12,Ready,1,18
TL,6,12,Random,0,-1
TL,6,12,BFS,0,-1
TL,6,13,Ready,1,18
TL,6,13,Random,0,-1
TL,6,13,BFS,0,-1
TL,6,14,Ready,1,18
TL,6,14,Random,0,-1
TL,6,14,BFS,0,-1
TL,6,15,Ready,1,18
TL,6,15,Random,0,-1
TL,6,15,BFS,0,-1
TL,7,1,Ready,1,64
TL,7,1,Random,0,-1
TL,7,1,BFS,1,1072
TL,7,2,Ready,1,20
TL,7,2,Random,0,-1
TL,7,2,BFS,0,-1
TL,7,3,Ready,1,20
TL,7,3,Random,0,-1
TL,7,3,BFS,0,-1
TL,7,4,Ready,1,20
TL,7,4,Random,0,-1
TL,7,4,BFS,0,-1
TL,7,5,Ready,1,20
TL,7,5,Random,0,-1
TL,7,5,BFS,0,-1
TL,7,6,Ready,1,20
TL,7,6,Random,0,-1
TL,7,6,BFS,0,-1
TL,7,7,Ready,1,20
TL,7,7,Random,0,-1
TL,7,7,BFS,0,-1
TL,7,8,Ready,1,20
TL,7,8,Random,0,-1
TL,7,8,BFS,0,-1
TL,7,9,Ready,1,20
TL,7,9,Random,0,-1
TL,7,9,BFS,0,-1
TL,7,10,Ready,1,20
TL,7,10,Random,0,-1
TL,7,10,BFS,0,-1
TL,7,11,Ready,1,20
TL,7,11,Random,0,-1
TL,7,11,BFS,0,-1
TL,7,12,Ready,1,20
TL,7,12,Random,0,-1
TL,7,12,BFS,0,-1
TL,7,13,Ready,1,20
TL,7,13,Random,0,-1
TL,7,13,BFS,0,-1
TL,7,14,Ready,1,20
TL,7,14,Random,0,-1
TL,7,14,BFS,0,-1
TL,7,15,Ready,1,20
TL,7,15,Random,0,-1
TL,7,15,BFS,0,-1
TL,8,1,Ready,1,134
TL,8,1,Random,0,-1
TL,8,1,BFS,1,1823
TL,8,2,Ready,1,22
TL,8,2,Random,0,-1
TL,8,2,BFS,0,-1
TL,8,3,Ready,1,22
TL,8,3,Random,0,-1
TL,8,3,BFS,0,-1
TL,8,4,Ready,1,22
TL,8,4,Random,0,-1
TL,8,4,BFS,0,-1
TL,8,5,Ready,1,22
TL,8,5,Random,0,-1
TL,8,5,BFS,0,-1
TL,8,6,Ready,1,22
TL,8,6,Random,0,-1
TL,8,6,BFS,0,-1
TL,8,7,Ready,1,22
TL,8,7,Random,0,-1
TL,8,7,BFS,0,-1
TL,8,8,Ready,1,22
TL,8,8,Random,0,-1
TL,8,8,BFS,0,-1
TL,8,9,Ready,1,22
TL,8,9,Random,0,-1
TL,8,9,BFS,0,-1
TL,8,10,Ready,1,22
TL,8,10,Random,0,-1
TL,8,10,BFS,0,-1
TL,8,11,Ready,1,22
TL,8,11,Random,0,-1
TL,8,11,BFS,0,-1
TL,8,12,Ready,1,22
TL,8,12,Random,0,-1
TL,8,12,BFS,0,-1
TL,8,13,Ready,1,22
TL,8,13,Random,0,-1
TL,8,13,BFS,0,-1
TL,8,14,Ready,1,22
TL,8,14,Random,0,-1
TL,8,14,BFS,0,-1
TL,8,15,Ready,1,22
TL,8,15,Random,0,-1
TL,8,15,BFS,0,-1
TL,9,1,Ready,1,136
TL,9,1,Random,0,-1
TL,9,1,BFS,0,-1
TL,9,2,Ready,1,24
TL,9,2,Random,0,-1
TL,9,2,BFS,0,-1
TL,9,3,Ready,1,24
TL,9,3,Random,0,-1
TL,9,3,BFS,0,-1
TL,9,4,Ready,1,24
TL,9,4,Random,0,-1
TL,9,4,BFS,0,-1
TL,9,5,Ready,1,24
TL,9,5,Random,0,-1
TL,9,5,BFS,0,-1
TL,9,6,Ready,1,24
TL,9,6,Random,0,-1
TL,9,6,BFS,0,-1
TL,9,7,Ready,1,24
TL,9,7,Random,0,-1
TL,9,7,BFS,0,-1
TL,9,8,Ready,1,24
TL,9,8,Random,0,-1
TL,9,8,BFS,0,-1
TL,9,9,Ready,1,24
TL,9,9,Random,0,-1
TL,9,9,BFS,0,-1
TL,9,10,Ready,1,24
TL,9,10,Random,0,-1
TL,9,10,BFS,0,-1
TL,9,11,Ready,1,24
TL,9,11,Random,0,-1
TL,9,11,BFS,0,-1
TL,9,12,Ready,1,24
TL,9,12,Random,0,-1
TL,9,12,BFS,0,-1
TL,9,13,Ready,1,24
TL,9,13,Random,0,-1
TL,9,13,BFS,0,-1
TL,9,14,Ready,1,24
TL,9,14,Random,0,-1
TL,9,14,BFS,0,-1
TL,9,15,Ready,1,24
TL,9,15,Random,0,-1
TL,9,15,BFS,0,-1
TL,10,1,Ready,1,298
TL,10,1,Random,0,-1
TL,10,1,BFS,0,-1
TL,10,2,Ready,1,26
TL,10,2,Random,0,-1
TL,10,2,BFS,0,-1
TL,10,3,Ready,1,26
TL,10,3,Random,0,-1
TL,10,3,BFS,0,-1
TL,10,4,Ready,1,26
TL,10,4,Random,0,-1
TL,10,4,BFS,0,-1
TL,10,5,Ready,1,26
TL,10,5,Random,0,-1
TL,10,5,BFS,0,-1
TL,10,6,Ready,1,26
TL,10,6,Random,0,-1
TL,10,6,BFS,0,-1
TL,10,7,Ready,1,26
TL,10,7,Random,0,-1
TL,10,7,BFS,0,-1
TL,10,8,Ready,1,26
TL,10,8,Random,0,-1
TL,10,8,BFS,0,-1
TL,10,9,Ready,1,26
TL,10,9,Random,0,-1
TL,10,9,BFS,0,-1
TL,10,10,Ready,1,26
TL,10,10,Random,0,-1
TL,10,10,BFS,0,-1
TL,10,11,Ready,1,26
TL,10,11,Random,0,-1
TL,10,11,BFS,0,-1
TL,10,12,Ready,1,26
TL,10,12,Random,0,-1
TL,10,12,BFS,0,-1
TL,10,13,Ready,1,26
TL,10,13,Random,0,-1
TL,10,13,BFS,0,-1
TL,10,14,Ready,1,26
TL,10,14,Random,0,-1
TL,10,14,BFS,0,-1
TL,10,15,Ready,1,26
TL,10,15,Random,0,-1
TL,10,15,BFS,0,-1
TL,11,1,Ready,1,300
TL,11,1,Random,0,-1
TL,11,1,BFS,0,-1
TL,11,2,Ready,1,28
TL,11,2,Random,0,-1
TL,11,2,BFS,0,-1
TL,11,3,Ready,1,28
TL,11,3,Random,0,-1
TL,11,3,BFS,0,-1
TL,11,4,Ready,1,28
TL,11,4,Random,0,-1
TL,11,4,BFS,0,-1
TL,11,5,Ready,1,28
TL,11,5,Random,0,-1
TL,11,5,BFS,0,-1
TL,11,6,Ready,1,28
TL,11,6,Random,0,-1
TL,11,6,BFS,0,-1
TL,11,7,Ready,1,28
TL,11,7,Random,0,-1
TL,11,7,BFS,0,-1
TL,11,8,Ready,1,28
TL,11,8,Random,0,-1
TL,11,8,BFS,0,-1
TL,11,9,Ready,1,28
TL,11,9,Random,0,-1
TL,11,9,BFS,0,-1
TL,11,10,Ready,1,28
TL,11,10,Random,0,-1
TL,11,10,BFS,0,-1
TL,11,11,Ready,1,28
TL,11,11,Random,0,-1
TL,11,11,BFS,0,-1
TL,11,12,Ready,1,28
TL,11,12,Random,0,-1
TL,11,12,BFS,0,-1
TL,11,13,Ready,1,28
TL,11,13,Random,0,-1
TL,11,13,BFS,0,-1
TL,11,14,Ready,1,28
TL,11,14,Random,0,-1
TL,11,14,BFS,0,-1
TL,11,15,Ready,1,28
TL,11,15,Random,0,-1
TL,11,15,BFS,0,-1
TL,12,1,Ready,1,670
TL,12,1,Random,0,-1
TL,12,1,BFS,0,-1
TL,12,2,Ready,1,30
TL,12,2,Random,0,-1
TL,12,2,BFS,0,-1
TL,12,3,Ready,1,30
TL,12,3,Random,0,-1
TL,12,3,BFS,0,-1
TL,12,4,Ready,1,30
TL,12,4,Random,0,-1
TL,12,4,BFS,0,-1
TL,12,5,Ready,1,30
TL,12,5,Random,0,-1
TL,12,5,BFS,0,-1
TL,12,6,Ready,1,30
TL,12,6,Random,0,-1
TL,12,6,BFS,0,-1
TL,12,7,Ready,1,30
TL,12,7,Random,0,-1
TL,12,7,BFS,0,-1
TL,12,8,Ready,1,30
TL,12,8,Random,0,-1
TL,12,8,BFS,0,-1
TL,12,9,Ready,1,30
TL,12,9,Random,0,-1
TL,12,9,BFS,0,-1
TL,12,10,Ready,1,30
TL,12,10,Random,0,-1
TL,12,10,BFS,0,-1
TL,12,11,Ready,1,30
TL,12,11,Random,0,-1
TL,12,11,BFS,0,-1
TL,12,12,Ready,1,30
TL,12,12,Random,0,-1
TL,12,12,BFS,0,-1
TL,12,13,Ready,1,30
TL,12,13,Random,0,-1
TL,12,13,BFS,0,-1
TL,12,14,Ready,1,30
TL,12,14,Random,0,-1
TL,12,14,BFS,0,-1
TL,12,15,Ready,1,30
TL,12,15,Random,0,-1
TL,12,15,BFS,0,-1
TL,13,1,Ready,1,672
TL,13,1,Random,0,-1
TL,13,1,BFS,0,-1
TL,13,2,Ready,1,32
TL,13,2,Random,0,-1
TL,13,2,BFS,0,-1
TL,13,3,Ready,1,32
TL,13,3,Random,0,-1
TL,13,3,BFS,0,-1
TL,13,4,Ready,1,32
TL,13,4,Random,0,-1
TL,13,4,BFS,0,-1
TL,13,5,Ready,1,32
TL,13,5,Random,0,-1
TL,13,5,BFS,0,-1
TL,13,6,Ready,1,32
TL,13,6,Random,0,-1
TL,13,6,BFS,0,-1
TL,13,7,Ready,1,32
TL,13,7,Random,0,-1
TL,13,7,BFS,0,-1
TL,13,8,Ready,1,32
TL,13,8,Random,0,-1
TL,13,8,BFS,0,-1
TL,13,9,Ready,1,32
TL,13,9,Random,0,-1
TL,13,9,BFS,0,-1
TL,13,10,Ready,1,32
TL,13,10,Random,0,-1
TL,13,10,BFS,0,-1
TL,13,11,Ready,1,32
TL,13,11,Random,0,-1
TL,13,11,BFS,0,-1
TL,13,12,Ready,1,32
TL,13,12,Random,0,-1
TL,13,12,BFS,0,-1
TL,13,13,Ready,1,32
TL,13,13,Random,0,-1
TL,13,13,BFS,0,-1
TL,13,14,Ready,1,32
TL,13,14,Random,0,-1
TL,13,14,BFS,0,-1
TL,13,15,Ready,1,32
TL,13,15,Random,0,-1
TL,13,15,BFS,0,-1
TL,14,1,Ready,1,1506
TL,14,1,Random,0,-1
TL,14,1,BFS,0,-1
TL,14,2,Ready,1,34
TL,14,2,Random,0,-1
TL,14,2,BFS,0,-1
TL,14,3,Ready,1,34
TL,14,3,Random,0,-1
TL,14,3,BFS,0,-1
TL,14,4,Ready,1,34
TL,14,4,Random,0,-1
TL,14,4,BFS,0,-1
TL,14,5,Ready,1,34
TL,14,5,Random,0,-1
TL,14,5,BFS,0,-1
TL,14,6,Ready,1,34
TL,14,6,Random,0,-1
TL,14,6,BFS,0,-1
TL,14,7,Ready,1,34
TL,14,7,Random,0,-1
TL,14,7,BFS,0,-1
TL,14,8,Ready,1,34
TL,14,8,Random,0,-1
TL,14,8,BFS,0,-1
TL,14,9,Ready,1,34
TL,14,9,Random,0,-1
TL,14,9,BFS,0,-1
TL,14,10,Ready,1,34
TL,14,10,Random,0,-1
TL,14,10,BFS,0,-1
TL,14,11,Ready,1,34
TL,14,11,Random,0,-1
TL,14,11,BFS,0,-1
TL,14,12,Ready,1,34
TL,14,12,Random,0,-1
TL,14,12,BFS,0,-1
TL,14,13,Ready,1,34
TL,14,13,Random,0,-1
TL,14,13,BFS,0,-1
TL,14,14,Ready,1,34
TL,14,14,Random,0,-1
TL,14,14,BFS,0,-1
TL,14,15,Ready,1,34
TL,14,15,Random,0,-1
TL,14,15,BFS,0,-1
TL,15,1,Ready,1,1508
TL,15,1,Random,0,-1
TL,15,1,BFS,0,-1
TL,15,2,Ready,1,36
TL,15,2,Random,0,-1
TL,15,2,BFS,0,-1
TL,15,3,Ready,1,36
TL,15,3,Random,0,-1
TL,15,3,BFS,0,-1
TL,15,4,Ready,1,36
TL,15,4,Random,0,-1
TL,15,4,BFS,0,-1
TL,15,5,Ready,1,36
TL,15,5,Random,0,-1
TL,15,5,BFS,0,-1
TL,15,6,Ready,1,36
TL,15,6,Random,0,-1
TL,15,6,BFS,0,-1
TL,15,7,Ready,1,36
TL,15,7,Random,0,-1
TL,15,7,BFS,0,-1
TL,15,8,Ready,1,36
TL,15,8,Random,0,-1
TL,15,8,BFS,0,-1
TL,15,9,Ready,1,36
TL,15,9,Random,0,-1
TL,15,9,BFS,0,-1
TL,15,10,Ready,1,36
TL,15,10,Random,0,-1
TL,15,10,BFS,0,-1
TL,15,11,Ready,1,36
TL,15,11,Random,0,-1
TL,15,11,BFS,0,-1
TL,15,12,Ready,1,36
TL,15,12,Random,0,-1
TL,15,12,BFS,0,-1
TL,15,13,Ready,1,36
TL,15,13,Random,0,-1
TL,15,13,BFS,0,-1
TL,15,14,Ready,1,36
TL,15,14,Random,0,-1
TL,15,14,BFS,0,-1
TL,15,15,Ready,1,36
TL,15,15,Random,0,-1
TL,15,15,BFS,0,-1
